event_id,customer_id,product_id,stage,event_date
E00001,C351,PR05,Activated,2025-01-22
E00002,C067,PR03,KYC Completed,2025-06-06
E00003,C440,PR04,Application Started,2025-10-06
E00004,C022,PR02,Approved,2025-11-23
E00005,C170,PR02,Activated,2025-08-28
E00006,C256,PR05,Application Started,2025-08-24
E00007,C032,PR06,Viewed,2025-10-04
E00008,C346,PR05,First Transaction,2025-12-05
E00009,C034,PR01,First Transaction,2025-03-29
E00010,C041,PR01,Activated,2025-01-07
E00011,C371,PR05,First Transaction,2025-06-28
E00012,C498,PR04,First Transaction,2025-04-09
E00013,C129,PR05,First Transaction,2025-07-31
E00014,C094,PR02,Application Started,2025-12-21
E00015,C206,PR05,First Transaction,2025-01-29
E00016,C223,PR02,Viewed,2025-05-28
E00017,C303,PR01,First Transaction,2025-03-28
E00018,C133,PR02,Viewed,2025-10-04
E00019,C490,PR01,Application Started,2025-12-01
E00020,C142,PR01,Viewed,2025-05-10
E00021,C480,PR05,Application Started,2025-06-12
E00022,C382,PR07,Application Started,2025-06-03
E00023,C039,PR05,Approved,2025-11-25
E00024,C221,PR05,Application Started,2025-05-22
E00025,C260,PR06,KYC Completed,2025-09-03
E00026,C267,PR02,Viewed,2025-04-03
E00027,C401,PR05,First Transaction,2025-04-23
E00028,C185,PR06,Viewed,2025-03-05
E00029,C414,PR07,Viewed,2025-05-25
E00030,C091,PR01,Activated,2025-02-10
E00031,C380,PR01,Activated,2025-10-31
E00032,C176,PR06,Activated,2025-06-28
E00033,C351,PR01,Viewed,2025-04-02
E00034,C328,PR05,KYC Completed,2025-06-06
E00035,C329,PR04,Viewed,2025-04-11
E00036,C245,PR02,KYC Completed,2025-09-27
E00037,C079,PR02,First Transaction,2025-07-07
E00038,C372,PR07,Application Started,2025-06-02
E00039,C468,PR03,Viewed,2025-01-11
E00040,C497,PR02,First Transaction,2025-08-16
E00041,C404,PR05,Approved,2025-02-22
E00042,C030,PR01,Approved,2025-11-30
E00043,C096,PR05,Application Started,2025-01-28
E00044,C494,PR01,Viewed,2025-01-29
E00045,C158,PR06,First Transaction,2025-02-03
E00046,C418,PR02,Activated,2025-12-24
E00047,C153,PR01,Activated,2025-08-19
E00048,C324,PR05,Activated,2025-04-22
E00049,C087,PR06,Application Started,2025-11-01
E00050,C091,PR01,Application Started,2025-02-08
E00051,C221,PR05,Viewed,2025-10-03
E00052,C084,PR03,Viewed,2025-04-16
E00053,C091,PR04,KYC Completed,2025-11-17
E00054,C325,PR05,KYC Completed,2025-05-21
E00055,C074,PR06,Viewed,2025-04-02
E00056,C106,PR05,First Transaction,2025-04-30
E00057,C106,PR05,Approved,2025-08-19
E00058,C009,PR04,Application Started,2025-08-11
E00059,C170,PR05,First Transaction,2025-06-04
E00060,C188,PR02,Approved,2025-04-17
E00061,C487,PR05,Application Started,2025-06-26
E00062,C499,PR05,Approved,2025-06-30
E00063,C038,PR01,Application Started,2025-07-29
E00064,C425,PR02,KYC Completed,2025-07-31
E00065,C442,PR02,Viewed,2025-03-22
E00066,C404,PR07,KYC Completed,2025-01-06
E00067,C465,PR02,Approved,2025-12-13
E00068,C037,PR01,Activated,2025-09-27
E00069,C040,PR05,First Transaction,2025-09-04
E00070,C371,PR02,Activated,2025-04-25
E00071,C480,PR03,Approved,2025-11-17
E00072,C258,PR05,Application Started,2025-02-14
E00073,C049,PR05,Viewed,2025-12-17
E00074,C246,PR05,Activated,2025-01-12
E00075,C021,PR01,Approved,2025-03-12
E00076,C497,PR06,Approved,2025-01-11
E00077,C447,PR05,Viewed,2025-09-16
E00078,C313,PR05,Application Started,2025-06-19
E00079,C380,PR01,Application Started,2025-10-27
E00080,C235,PR05,Viewed,2025-10-19
E00081,C301,PR05,KYC Completed,2025-10-19
E00082,C409,PR05,Viewed,2025-02-11
E00083,C054,PR08,First Transaction,2025-04-01
E00084,C290,PR08,Viewed,2025-05-07
E00085,C045,PR01,Viewed,2025-07-16
E00086,C255,PR01,First Transaction,2025-11-02
E00087,C096,PR05,KYC Completed,2025-02-24
E00088,C066,PR05,Application Started,2025-03-09
E00089,C291,PR05,Activated,2025-08-17
E00090,C333,PR05,KYC Completed,2025-03-28
E00091,C467,PR01,KYC Completed,2025-07-28
E00092,C434,PR01,KYC Completed,2025-07-06
E00093,C129,PR01,Viewed,2025-02-06
E00094,C492,PR03,First Transaction,2025-03-19
E00095,C195,PR05,Activated,2025-01-21
E00096,C245,PR02,Application Started,2025-09-25
E00097,C349,PR02,Application Started,2025-12-30
E00098,C201,PR08,KYC Completed,2025-08-04
E00099,C239,PR04,Approved,2025-08-14
E00100,C417,PR07,Application Started,2025-05-06
E00101,C405,PR01,Application Started,2025-05-15
E00102,C370,PR01,Viewed,2025-10-29
E00103,C470,PR05,First Transaction,2025-11-17
E00104,C254,PR06,First Transaction,2025-12-26
E00105,C328,PR05,Approved,2025-07-22
E00106,C214,PR05,Activated,2025-08-09
E00107,C088,PR07,Application Started,2025-03-07
E00108,C235,PR05,KYC Completed,2025-10-21
E00109,C264,PR06,Viewed,2025-05-13
E00110,C324,PR05,Approved,2025-12-03
E00111,C141,PR03,Viewed,2025-06-24
E00112,C275,PR05,Approved,2025-03-19
E00113,C134,PR01,KYC Completed,2025-07-08
E00114,C486,PR01,First Transaction,2025-05-09
E00115,C343,PR06,First Transaction,2025-06-20
E00116,C130,PR05,Viewed,2025-11-19
E00117,C060,PR07,Application Started,2025-01-27
E00118,C110,PR06,Activated,2025-07-04
E00119,C213,PR01,KYC Completed,2025-09-04
E00120,C271,PR06,Activated,2025-04-04
E00121,C041,PR05,KYC Completed,2025-03-10
E00122,C247,PR06,KYC Completed,2025-05-08
E00123,C132,PR04,First Transaction,2025-02-17
E00124,C475,PR05,KYC Completed,2025-07-14
E00125,C246,PR05,First Transaction,2025-05-22
E00126,C341,PR08,Application Started,2025-01-30
E00127,C404,PR05,Viewed,2025-02-20
E00128,C155,PR03,KYC Completed,2025-04-30
E00129,C083,PR02,Viewed,2025-01-01
E00130,C388,PR01,Approved,2025-02-07
E00131,C104,PR02,Activated,2025-04-16
E00132,C260,PR05,Viewed,2025-10-14
E00133,C181,PR08,KYC Completed,2025-07-22
E00134,C377,PR02,Viewed,2025-12-10
E00135,C464,PR01,KYC Completed,2025-03-18
E00136,C093,PR04,Activated,2025-11-14
E00137,C183,PR05,Activated,2025-01-06
E00138,C147,PR05,Activated,2025-07-13
E00139,C221,PR01,Application Started,2025-05-22
E00140,C382,PR08,Approved,2025-05-16
E00141,C079,PR02,First Transaction,2025-07-05
E00142,C389,PR01,KYC Completed,2025-03-16
E00143,C173,PR01,Application Started,2025-07-05
E00144,C133,PR05,Application Started,2025-07-09
E00145,C162,PR05,Approved,2025-07-20
E00146,C111,PR05,Approved,2025-07-20
E00147,C409,PR04,Viewed,2025-04-03
E00148,C390,PR05,Viewed,2025-09-03
E00149,C082,PR05,First Transaction,2025-10-07
E00150,C168,PR01,Activated,2025-09-06
E00151,C085,PR01,Activated,2025-05-28
E00152,C024,PR01,KYC Completed,2025-08-01
E00153,C178,PR01,Activated,2025-07-03
E00154,C153,PR05,Approved,2025-12-10
E00155,C179,PR01,Application Started,2025-02-08
E00156,C178,PR01,Application Started,2025-07-05
E00157,C286,PR02,Application Started,2025-09-22
E00158,C072,PR04,KYC Completed,2025-04-19
E00159,C364,PR01,Viewed,2025-03-10
E00160,C416,PR06,Viewed,2025-11-04
E00161,C303,PR05,Application Started,2025-01-25
E00162,C309,PR02,Viewed,2025-09-05
E00163,C467,PR02,Viewed,2025-06-14
E00164,C275,PR06,First Transaction,2025-02-20
E00165,C479,PR07,Approved,2025-10-23
E00166,C393,PR06,Application Started,2025-02-03
E00167,C480,PR01,KYC Completed,2025-04-01
E00168,C193,PR05,Viewed,2025-02-21
E00169,C148,PR03,Viewed,2025-08-01
E00170,C303,PR01,First Transaction,2025-03-25
E00171,C477,PR02,First Transaction,2025-02-09
E00172,C133,PR02,First Transaction,2025-10-23
E00173,C156,PR05,Viewed,2025-06-09
E00174,C181,PR03,Application Started,2025-07-17
E00175,C207,PR04,KYC Completed,2024-12-31
E00176,C188,PR02,Application Started,2025-04-16
E00177,C069,PR04,First Transaction,2025-03-02
E00178,C396,PR05,Viewed,2025-04-11
E00179,C106,PR07,Approved,2025-03-09
E00180,C091,PR04,Activated,2025-11-19
E00181,C471,PR05,Viewed,2025-06-06
E00182,C103,PR01,Application Started,2025-06-09
E00183,C167,PR05,KYC Completed,2025-07-01
E00184,C280,PR03,Approved,2025-09-09
E00185,C352,PR05,Activated,2025-07-13
E00186,C334,PR01,First Transaction,2025-03-29
E00187,C009,PR08,Approved,2025-03-10
E00188,C155,PR01,First Transaction,2025-02-08
E00189,C391,PR02,KYC Completed,2025-05-26
E00190,C239,PR05,Approved,2025-03-03
E00191,C017,PR01,Application Started,2025-03-29
E00192,C209,PR05,KYC Completed,2025-12-15
E00193,C158,PR05,Approved,2025-10-14
E00194,C241,PR03,Application Started,2025-02-15
E00195,C313,PR06,KYC Completed,2025-12-11
E00196,C332,PR01,KYC Completed,2025-01-25
E00197,C096,PR01,First Transaction,2025-11-07
E00198,C065,PR05,Application Started,2025-05-31
E00199,C160,PR05,Approved,2025-10-23
E00200,C436,PR02,Viewed,2025-05-25
E00201,C082,PR05,Activated,2025-10-07
E00202,C486,PR03,Viewed,2025-03-30
E00203,C096,PR05,KYC Completed,2025-02-26
E00204,C246,PR06,Activated,2025-03-25
E00205,C162,PR04,Viewed,2025-07-15
E00206,C239,PR04,Approved,2025-08-16
E00207,C408,PR06,Viewed,2025-06-16
E00208,C387,PR01,Viewed,2025-02-21
E00209,C326,PR06,Activated,2025-02-21
E00210,C471,PR05,Approved,2025-06-06
E00211,C372,PR03,First Transaction,2025-08-15
E00212,C415,PR05,Viewed,2025-05-18
E00213,C063,PR06,Viewed,2025-08-06
E00214,C278,PR02,Activated,2025-11-15
E00215,C124,PR01,Application Started,2025-09-05
E00216,C486,PR01,Approved,2025-09-12
E00217,C459,PR05,Application Started,2025-09-02
E00218,C145,PR04,Activated,2025-07-10
E00219,C465,PR07,Application Started,2025-10-14
E00220,C215,PR02,Activated,2025-03-21
E00221,C180,PR06,Viewed,2025-05-26
E00222,C203,PR02,KYC Completed,2025-11-02
E00223,C276,PR05,Approved,2025-12-01
E00224,C126,PR05,KYC Completed,2025-06-24
E00225,C337,PR06,Viewed,2025-10-20
E00226,C095,PR02,Approved,2025-02-23
E00227,C011,PR05,Application Started,2025-02-20
E00228,C309,PR02,Activated,2025-07-03
E00229,C477,PR03,Viewed,2025-12-04
E00230,C050,PR07,Application Started,2025-04-18
E00231,C356,PR01,Approved,2025-06-12
E00232,C477,PR02,Application Started,2025-09-01
E00233,C308,PR01,First Transaction,2025-09-24
E00234,C431,PR05,Application Started,2025-04-26
E00235,C227,PR05,Viewed,2025-02-03
E00236,C439,PR07,Application Started,2025-10-18
E00237,C487,PR05,Approved,2025-06-26
E00238,C039,PR05,Viewed,2025-07-06
E00239,C252,PR01,Activated,2025-06-11
E00240,C471,PR05,Viewed,2025-06-06
E00241,C431,PR08,Approved,2025-04-14
E00242,C100,PR01,Application Started,2025-03-18
E00243,C202,PR02,Viewed,2025-08-23
E00244,C323,PR02,KYC Completed,2025-12-05
E00245,C431,PR07,First Transaction,2025-08-22
E00246,C388,PR07,First Transaction,2025-02-12
E00247,C333,PR01,Viewed,2025-06-01
E00248,C289,PR01,Viewed,2025-07-14
E00249,C478,PR05,Application Started,2025-10-30
E00250,C391,PR05,Viewed,2025-02-04
E00251,C161,PR05,Viewed,2025-10-03
E00252,C374,PR03,KYC Completed,2025-05-26
E00253,C163,PR05,Application Started,2025-08-25
E00254,C405,PR02,Viewed,2025-04-03
E00255,C388,PR05,Application Started,2025-10-17
E00256,C332,PR01,KYC Completed,2025-03-14
E00257,C027,PR02,Application Started,2025-10-26
E00258,C041,PR01,Application Started,2025-10-09
E00259,C496,PR05,First Transaction,2025-11-17
E00260,C449,PR05,Viewed,2025-09-23
E00261,C121,PR05,KYC Completed,2025-06-15
E00262,C421,PR02,Application Started,2025-10-13
E00263,C183,PR06,KYC Completed,2025-01-03
E00264,C214,PR05,Application Started,2025-03-12
E00265,C092,PR06,First Transaction,2025-12-14
E00266,C412,PR01,Viewed,2025-10-08
E00267,C043,PR04,KYC Completed,2025-01-05
E00268,C032,PR05,First Transaction,2025-08-16
E00269,C036,PR02,Approved,2025-01-16
E00270,C134,PR05,Approved,2025-08-03
E00271,C342,PR07,Viewed,2025-12-28
E00272,C447,PR06,First Transaction,2025-02-16
E00273,C498,PR04,Approved,2025-04-04
E00274,C295,PR06,First Transaction,2025-09-23
E00275,C475,PR01,KYC Completed,2025-12-27
E00276,C271,PR04,Application Started,2025-03-20
E00277,C382,PR07,Approved,2025-06-04
E00278,C066,PR05,Viewed,2025-11-16
E00279,C389,PR02,Approved,2025-12-11
E00280,C170,PR05,KYC Completed,2025-09-10
E00281,C412,PR01,Activated,2025-04-24
E00282,C315,PR05,First Transaction,2025-12-14
E00283,C167,PR05,KYC Completed,2025-08-29
E00284,C343,PR02,First Transaction,2025-06-26
E00285,C189,PR06,Activated,2025-03-27
E00286,C392,PR05,KYC Completed,2025-03-22
E00287,C370,PR07,Approved,2025-09-18
E00288,C456,PR06,Application Started,2025-08-07
E00289,C163,PR05,Viewed,2025-08-15
E00290,C268,PR02,First Transaction,2025-11-21
E00291,C388,PR04,KYC Completed,2025-06-21
E00292,C488,PR05,Activated,2025-04-05
E00293,C231,PR06,Application Started,2025-10-17
E00294,C040,PR02,Activated,2025-03-03
E00295,C222,PR03,First Transaction,2025-08-13
E00296,C086,PR05,First Transaction,2025-03-19
E00297,C500,PR05,Activated,2025-04-23
E00298,C116,PR01,KYC Completed,2025-02-05
E00299,C496,PR05,Activated,2025-08-06
E00300,C353,PR05,Activated,2025-06-14
E00301,C432,PR01,Approved,2025-08-01
E00302,C196,PR01,Application Started,2025-07-10
E00303,C186,PR01,Approved,2025-01-22
E00304,C282,PR02,Viewed,2025-01-21
E00305,C165,PR01,Activated,2025-10-28
E00306,C232,PR05,KYC Completed,2025-08-23
E00307,C133,PR02,KYC Completed,2025-10-25
E00308,C369,PR01,Activated,2025-04-28
E00309,C267,PR01,Application Started,2025-11-14
E00310,C113,PR05,First Transaction,2025-09-14
E00311,C332,PR02,Viewed,2025-01-08
E00312,C182,PR05,Viewed,2025-11-07
E00313,C317,PR01,Viewed,2025-03-09
E00314,C043,PR02,KYC Completed,2025-11-16
E00315,C147,PR03,Activated,2025-01-14
E00316,C293,PR02,Viewed,2025-12-12
E00317,C482,PR01,KYC Completed,2025-05-18
E00318,C018,PR01,Viewed,2025-08-13
E00319,C001,PR02,Activated,2025-11-21
E00320,C361,PR03,First Transaction,2025-07-17
E00321,C377,PR05,Application Started,2025-12-10
E00322,C416,PR06,Activated,2025-10-18
E00323,C076,PR03,First Transaction,2025-07-29
E00324,C265,PR01,Application Started,2025-11-28
E00325,C027,PR02,Application Started,2025-10-26
E00326,C341,PR06,Activated,2025-03-19
E00327,C009,PR08,Activated,2025-03-08
E00328,C154,PR06,KYC Completed,2025-06-07
E00329,C153,PR05,Viewed,2025-09-06
E00330,C275,PR06,Application Started,2025-02-22
E00331,C267,PR01,Application Started,2025-02-19
E00332,C228,PR02,Activated,2025-10-20
E00333,C220,PR06,KYC Completed,2025-11-20
E00334,C320,PR06,Approved,2025-08-20
E00335,C331,PR05,Application Started,2025-09-01
E00336,C238,PR02,Viewed,2025-10-20
E00337,C195,PR05,Viewed,2025-11-15
E00338,C028,PR05,Application Started,2025-11-21
E00339,C422,PR01,First Transaction,2025-06-15
E00340,C056,PR05,First Transaction,2025-02-19
E00341,C046,PR05,Application Started,2025-12-16
E00342,C267,PR01,KYC Completed,2025-02-21
E00343,C184,PR04,Viewed,2025-02-06
E00344,C428,PR08,Application Started,2025-01-16
E00345,C041,PR02,Viewed,2025-01-20
E00346,C153,PR05,Viewed,2025-01-24
E00347,C126,PR03,Activated,2025-04-28
E00348,C155,PR02,Application Started,2025-10-08
E00349,C121,PR01,First Transaction,2025-12-20
E00350,C487,PR05,Approved,2025-07-12
E00351,C377,PR02,Application Started,2025-12-07
E00352,C063,PR02,Viewed,2025-02-25
E00353,C353,PR06,Viewed,2025-02-28
E00354,C280,PR05,Activated,2025-05-09
E00355,C334,PR02,Activated,2025-06-01
E00356,C269,PR01,Viewed,2025-11-18
E00357,C105,PR05,KYC Completed,2025-08-31
E00358,C346,PR05,Approved,2025-06-04
E00359,C330,PR02,Viewed,2025-06-11
E00360,C191,PR05,Viewed,2025-01-16
E00361,C140,PR02,Activated,2025-02-09
E00362,C298,PR02,First Transaction,2025-03-29
E00363,C187,PR08,Application Started,2025-09-12
E00364,C230,PR01,First Transaction,2025-12-05
E00365,C008,PR05,Application Started,2025-11-03
E00366,C363,PR05,First Transaction,2025-05-09
E00367,C421,PR08,First Transaction,2025-11-28
E00368,C281,PR06,Activated,2025-07-06
E00369,C053,PR01,Approved,2025-01-23
E00370,C499,PR06,First Transaction,2025-09-01
E00371,C223,PR05,Viewed,2025-04-29
E00372,C232,PR01,Viewed,2025-09-22
E00373,C415,PR05,First Transaction,2025-03-31
E00374,C419,PR05,KYC Completed,2025-02-09
E00375,C122,PR01,Viewed,2025-10-25
E00376,C126,PR01,Approved,2025-08-27
E00377,C220,PR01,KYC Completed,2025-01-08
E00378,C117,PR07,Application Started,2025-09-08
E00379,C436,PR04,Viewed,2025-05-27
E00380,C161,PR04,Activated,2025-07-14
E00381,C323,PR01,Activated,2025-12-15
E00382,C253,PR01,First Transaction,2025-02-13
E00383,C086,PR07,Application Started,2025-03-26
E00384,C331,PR01,Viewed,2025-09-13
E00385,C444,PR01,First Transaction,2025-09-07
E00386,C324,PR05,Approved,2025-04-23
E00387,C262,PR02,Viewed,2025-01-26
E00388,C410,PR01,Viewed,2025-04-21
E00389,C260,PR06,Viewed,2025-08-31
E00390,C096,PR05,Activated,2025-04-10
E00391,C220,PR01,First Transaction,2025-12-20
E00392,C163,PR05,First Transaction,2025-02-19
E00393,C346,PR01,KYC Completed,2025-08-03
E00394,C142,PR06,Application Started,2025-12-05
E00395,C221,PR05,KYC Completed,2025-05-26
E00396,C329,PR02,Viewed,2025-11-03
E00397,C207,PR04,First Transaction,2025-08-31
E00398,C244,PR01,First Transaction,2025-04-29
E00399,C414,PR04,Viewed,2025-05-27
E00400,C274,PR01,Application Started,2025-08-27
E00401,C330,PR01,Application Started,2025-08-17
E00402,C026,PR01,Approved,2025-10-18
E00403,C098,PR05,Viewed,2025-08-11
E00404,C419,PR02,KYC Completed,2025-12-15
E00405,C207,PR07,Activated,2025-11-22
E00406,C478,PR04,Activated,2025-04-25
E00407,C022,PR02,KYC Completed,2025-11-22
E00408,C169,PR07,First Transaction,2025-03-20
E00409,C088,PR02,Approved,2025-04-12
E00410,C017,PR01,Approved,2025-03-29
E00411,C470,PR05,First Transaction,2025-12-25
E00412,C193,PR05,Viewed,2025-09-24
E00413,C291,PR04,Activated,2025-10-05
E00414,C087,PR05,KYC Completed,2025-02-24
E00415,C026,PR04,First Transaction,2025-12-29
E00416,C077,PR01,Application Started,2025-08-24
E00417,C102,PR04,Activated,2025-04-22
E00418,C129,PR03,First Transaction,2025-01-03
E00419,C432,PR04,Application Started,2025-07-19
E00420,C147,PR01,First Transaction,2025-06-02
E00421,C293,PR02,Activated,2025-10-05
E00422,C129,PR04,Activated,2025-11-02
E00423,C034,PR05,Viewed,2025-12-23
E00424,C094,PR05,Approved,2025-11-02
E00425,C136,PR05,Viewed,2025-06-14
E00426,C424,PR06,KYC Completed,2025-03-28
E00427,C229,PR01,Viewed,2025-02-27
E00428,C030,PR01,KYC Completed,2025-11-28
E00429,C082,PR05,KYC Completed,2025-10-13
E00430,C452,PR02,Approved,2025-02-20
E00431,C157,PR03,KYC Completed,2025-04-19
E00432,C169,PR02,Application Started,2025-07-11
E00433,C151,PR06,KYC Completed,2025-08-08
E00434,C209,PR05,Application Started,2025-12-13
E00435,C379,PR06,Approved,2025-05-05
E00436,C255,PR05,Viewed,2025-03-09
E00437,C383,PR05,Viewed,2025-07-14
E00438,C255,PR01,Activated,2025-11-05
E00439,C068,PR01,Activated,2025-09-28
E00440,C354,PR06,Activated,2025-01-21
E00441,C054,PR05,KYC Completed,2025-11-16
E00442,C416,PR01,Activated,2025-07-07
E00443,C130,PR05,First Transaction,2025-11-20
E00444,C220,PR05,Viewed,2025-11-07
E00445,C381,PR06,Application Started,2025-08-16
E00446,C433,PR04,KYC Completed,2025-06-08
E00447,C188,PR02,Activated,2025-04-20
E00448,C500,PR05,KYC Completed,2025-04-21
E00449,C014,PR06,Approved,2025-07-14
E00450,C280,PR05,Viewed,2025-01-11
E00451,C220,PR05,Approved,2025-11-08
E00452,C291,PR01,Application Started,2025-05-27
E00453,C048,PR05,Viewed,2025-06-29
E00454,C259,PR05,Approved,2025-08-16
E00455,C175,PR05,Viewed,2025-01-12
E00456,C184,PR01,Viewed,2025-04-13
E00457,C453,PR01,Activated,2025-12-05
E00458,C093,PR05,Activated,2025-07-13
E00459,C111,PR01,Approved,2025-09-07
E00460,C143,PR05,Viewed,2025-04-08
E00461,C360,PR04,First Transaction,2025-10-20
E00462,C033,PR05,Application Started,2025-08-06
E00463,C279,PR07,Application Started,2025-04-07
E00464,C310,PR05,First Transaction,2025-04-27
E00465,C147,PR02,Approved,2025-03-16
E00466,C439,PR05,KYC Completed,2025-09-05
E00467,C068,PR01,Application Started,2025-01-28
E00468,C323,PR01,First Transaction,2025-12-15
E00469,C244,PR01,Activated,2025-08-27
E00470,C414,PR04,KYC Completed,2025-05-29
E00471,C471,PR05,Approved,2025-06-06
E00472,C060,PR05,Approved,2025-08-04
E00473,C013,PR01,KYC Completed,2025-08-20
E00474,C274,PR05,First Transaction,2025-01-21
E00475,C368,PR01,KYC Completed,2025-05-22
E00476,C495,PR05,First Transaction,2025-04-03
E00477,C049,PR05,KYC Completed,2025-12-13
E00478,C207,PR04,Application Started,2025-01-01
E00479,C054,PR05,Approved,2025-11-13
E00480,C407,PR04,Application Started,2025-07-21
E00481,C116,PR05,KYC Completed,2025-05-17
E00482,C085,PR05,Viewed,2025-07-22
E00483,C184,PR02,Activated,2025-04-21
E00484,C414,PR05,KYC Completed,2025-04-29
E00485,C226,PR05,Viewed,2025-05-11
E00486,C280,PR05,Approved,2025-12-11
E00487,C474,PR02,First Transaction,2025-04-10
E00488,C388,PR05,Application Started,2025-11-30
E00489,C291,PR01,KYC Completed,2025-05-25
E00490,C186,PR05,Application Started,2025-06-28
E00491,C287,PR03,Application Started,2025-09-13
E00492,C162,PR04,Activated,2025-07-17
E00493,C377,PR04,Viewed,2025-10-08
E00494,C442,PR02,Approved,2025-03-21
E00495,C272,PR01,Application Started,2025-06-24
E00496,C370,PR05,KYC Completed,2025-02-07
E00497,C189,PR02,First Transaction,2025-01-30
E00498,C407,PR04,Application Started,2025-03-20
E00499,C191,PR05,First Transaction,2025-09-18
E00500,C170,PR01,Approved,2025-02-11
E00501,C011,PR04,Viewed,2025-12-24
E00502,C381,PR05,Approved,2025-03-03
E00503,C008,PR01,First Transaction,2025-10-11
E00504,C103,PR01,KYC Completed,2025-06-05
E00505,C134,PR06,Approved,2025-03-14
E00506,C048,PR05,Application Started,2025-06-13
E00507,C273,PR03,Viewed,2025-08-21
E00508,C455,PR02,Approved,2025-05-22
E00509,C155,PR01,Activated,2025-02-14
E00510,C335,PR07,Activated,2025-01-15
E00511,C046,PR03,Activated,2025-09-19
E00512,C003,PR03,Approved,2025-05-10
E00513,C224,PR05,Viewed,2025-08-21
E00514,C412,PR01,Application Started,2025-07-20
E00515,C429,PR05,Viewed,2025-12-25
E00516,C001,PR04,Application Started,2025-06-01
E00517,C401,PR01,Viewed,2025-07-10
E00518,C388,PR05,Approved,2025-07-02
E00519,C330,PR04,Activated,2025-08-27
E00520,C087,PR01,Activated,2025-07-05
E00521,C451,PR05,Approved,2025-08-29
E00522,C333,PR06,Application Started,2025-09-24
E00523,C332,PR03,Application Started,2025-01-07
E00524,C151,PR05,KYC Completed,2025-08-01
E00525,C278,PR02,KYC Completed,2025-02-23
E00526,C200,PR03,KYC Completed,2025-05-10
E00527,C075,PR03,Approved,2025-10-19
E00528,C395,PR08,Approved,2025-12-10
E00529,C155,PR01,Application Started,2025-06-28
E00530,C301,PR01,Application Started,2025-10-02
E00531,C229,PR01,KYC Completed,2025-08-28
E00532,C282,PR02,Approved,2025-01-23
E00533,C435,PR05,Activated,2025-06-28
E00534,C459,PR06,KYC Completed,2025-12-22
E00535,C092,PR06,KYC Completed,2025-12-17
E00536,C231,PR05,Activated,2025-01-17
E00537,C155,PR04,Viewed,2025-09-27
E00538,C290,PR07,First Transaction,2025-01-30
E00539,C186,PR01,KYC Completed,2025-01-20
E00540,C052,PR05,First Transaction,2025-10-24
E00541,C104,PR04,Viewed,2025-10-19
E00542,C010,PR05,First Transaction,2025-03-28
E00543,C005,PR03,Activated,2025-05-05
E00544,C398,PR08,Application Started,2025-09-27
E00545,C261,PR02,Activated,2025-06-11
E00546,C193,PR02,Activated,2025-08-20
E00547,C221,PR04,Approved,2025-12-04
E00548,C494,PR03,Viewed,2025-03-08
E00549,C436,PR05,Approved,2025-05-12
E00550,C231,PR06,KYC Completed,2025-10-19
E00551,C322,PR02,KYC Completed,2025-10-27
E00552,C064,PR05,Activated,2025-11-28
E00553,C112,PR02,Activated,2025-02-15
E00554,C199,PR02,Application Started,2025-03-20
E00555,C434,PR05,Viewed,2025-05-02
E00556,C048,PR05,Activated,2025-06-29
E00557,C427,PR08,Activated,2025-09-12
E00558,C397,PR04,Activated,2025-09-07
E00559,C497,PR02,Approved,2025-02-18
E00560,C137,PR01,KYC Completed,2025-12-07
E00561,C356,PR01,KYC Completed,2025-06-12
E00562,C051,PR02,Viewed,2025-03-28
E00563,C262,PR03,Application Started,2025-03-02
E00564,C153,PR05,Application Started,2025-12-08
E00565,C215,PR02,KYC Completed,2025-03-24
E00566,C335,PR07,First Transaction,2025-01-12
E00567,C204,PR02,KYC Completed,2025-10-01
E00568,C453,PR01,First Transaction,2025-12-05
E00569,C284,PR05,Application Started,2025-08-02
E00570,C103,PR02,Viewed,2025-01-04
E00571,C023,PR06,Approved,2025-04-04
E00572,C050,PR07,KYC Completed,2025-04-18
E00573,C084,PR03,First Transaction,2025-10-10
E00574,C329,PR04,Approved,2025-04-12
E00575,C238,PR04,Application Started,2025-06-03
E00576,C261,PR05,Application Started,2025-10-10
E00577,C358,PR05,First Transaction,2025-12-09
E00578,C293,PR05,First Transaction,2025-12-04
E00579,C046,PR04,Approved,2025-03-17
E00580,C141,PR05,Viewed,2025-01-18
E00581,C351,PR01,Application Started,2025-04-02
E00582,C412,PR07,First Transaction,2025-03-15
E00583,C115,PR05,Viewed,2025-11-04
E00584,C350,PR03,Approved,2025-05-27
E00585,C433,PR01,Activated,2025-02-23
E00586,C388,PR05,Activated,2025-12-05
E00587,C301,PR02,Viewed,2025-11-18
E00588,C410,PR05,KYC Completed,2025-05-04
E00589,C335,PR04,Viewed,2025-08-04
E00590,C350,PR03,KYC Completed,2025-05-28
E00591,C262,PR03,Viewed,2025-03-01
E00592,C388,PR04,Viewed,2025-06-20
E00593,C485,PR03,Approved,2025-09-11
E00594,C439,PR05,Viewed,2025-07-21
E00595,C033,PR03,Approved,2025-08-12
E00596,C143,PR04,Activated,2025-09-09
E00597,C170,PR01,Viewed,2025-02-09
E00598,C076,PR04,Viewed,2025-05-08
E00599,C387,PR01,Approved,2025-02-21
E00600,C147,PR03,KYC Completed,2025-01-10
E00601,C396,PR05,First Transaction,2025-07-05
E00602,C096,PR05,Viewed,2025-02-24
E00603,C329,PR06,Activated,2025-04-22
E00604,C125,PR01,Viewed,2025-04-06
E00605,C358,PR07,First Transaction,2025-02-14
E00606,C082,PR02,First Transaction,2025-09-12
E00607,C155,PR01,Activated,2025-02-09
E00608,C086,PR04,KYC Completed,2025-12-26
E00609,C237,PR06,First Transaction,2025-01-29
E00610,C330,PR02,Viewed,2025-06-14
E00611,C044,PR05,Approved,2025-10-03
E00612,C002,PR04,Application Started,2025-01-09
E00613,C250,PR07,Activated,2025-06-29
E00614,C201,PR01,First Transaction,2025-12-27
E00615,C250,PR03,Viewed,2025-11-03
E00616,C123,PR02,Application Started,2025-04-03
E00617,C071,PR08,Activated,2025-08-17
E00618,C155,PR05,Approved,2025-04-09
E00619,C416,PR05,First Transaction,2025-02-04
E00620,C026,PR01,Approved,2025-10-20
E00621,C060,PR05,Approved,2025-08-03
E00622,C251,PR06,Viewed,2025-04-01
E00623,C416,PR05,Application Started,2025-02-01
E00624,C076,PR04,Viewed,2025-02-22
E00625,C429,PR04,Viewed,2025-11-22
E00626,C366,PR05,Viewed,2025-12-07
E00627,C487,PR01,First Transaction,2025-06-25
E00628,C001,PR04,Viewed,2025-05-30
E00629,C260,PR03,Approved,2025-08-25
E00630,C272,PR06,Application Started,2025-05-31
E00631,C234,PR06,First Transaction,2025-03-09
E00632,C332,PR06,Activated,2025-11-03
E00633,C278,PR02,Approved,2025-11-15
E00634,C017,PR01,Approved,2025-03-27
E00635,C333,PR06,Viewed,2025-09-21
E00636,C010,PR02,Application Started,2025-10-20
E00637,C223,PR05,KYC Completed,2025-02-27
E00638,C488,PR02,Viewed,2025-01-04
E00639,C139,PR03,Approved,2025-08-20
E00640,C352,PR01,Viewed,2025-09-11
E00641,C425,PR02,Application Started,2025-09-14
E00642,C408,PR04,Activated,2025-08-25
E00643,C192,PR02,First Transaction,2025-06-25
E00644,C122,PR01,First Transaction,2025-10-25
E00645,C214,PR06,KYC Completed,2025-06-14
E00646,C046,PR03,Approved,2025-09-17
E00647,C332,PR08,Viewed,2025-04-14
E00648,C397,PR04,Application Started,2025-09-02
E00649,C060,PR05,KYC Completed,2025-08-02
E00650,C489,PR03,KYC Completed,2025-08-30
E00651,C259,PR05,Application Started,2025-02-03
E00652,C185,PR02,Approved,2025-05-11
E00653,C009,PR08,Application Started,2025-03-11
E00654,C379,PR06,Approved,2025-05-01
E00655,C210,PR02,Viewed,2025-04-04
E00656,C078,PR06,Activated,2025-08-03
E00657,C333,PR01,Approved,2025-05-31
E00658,C320,PR03,KYC Completed,2025-10-21
E00659,C312,PR01,KYC Completed,2025-06-13
E00660,C063,PR03,First Transaction,2025-02-06
E00661,C440,PR05,Viewed,2025-04-24
E00662,C457,PR04,Approved,2025-10-15
E00663,C229,PR01,First Transaction,2025-02-28
E00664,C417,PR05,Viewed,2025-06-21
E00665,C119,PR05,Activated,2025-06-06
E00666,C376,PR05,Viewed,2025-06-19
E00667,C432,PR04,Activated,2025-07-18
E00668,C474,PR05,First Transaction,2025-01-14
E00669,C175,PR01,Application Started,2025-04-07
E00670,C128,PR06,KYC Completed,2025-09-07
E00671,C254,PR06,First Transaction,2025-02-16
E00672,C337,PR01,Approved,2025-05-15
E00673,C405,PR04,Application Started,2025-06-26
E00674,C433,PR01,Viewed,2025-06-19
E00675,C171,PR02,Approved,2025-12-13
E00676,C370,PR02,Application Started,2025-08-15
E00677,C163,PR05,KYC Completed,2025-03-17
E00678,C009,PR08,First Transaction,2025-10-26
E00679,C119,PR06,KYC Completed,2025-09-27
E00680,C494,PR02,KYC Completed,2025-08-20
E00681,C273,PR01,First Transaction,2025-10-28
E00682,C460,PR05,First Transaction,2025-12-24
E00683,C162,PR04,Activated,2025-07-16
E00684,C156,PR04,Application Started,2025-07-18
E00685,C361,PR04,Application Started,2025-05-27
E00686,C060,PR03,Activated,2025-01-07
E00687,C488,PR05,Activated,2025-08-26
E00688,C280,PR03,Application Started,2025-09-09
E00689,C138,PR05,Viewed,2025-06-17
E00690,C185,PR01,Viewed,2025-08-04
E00691,C176,PR06,Approved,2025-06-29
E00692,C412,PR04,Viewed,2025-05-22
E00693,C125,PR07,KYC Completed,2025-11-13
E00694,C097,PR06,Viewed,2025-01-19
E00695,C053,PR07,Viewed,2025-03-19
E00696,C075,PR05,Viewed,2025-06-10
E00697,C040,PR07,Approved,2025-06-15
E00698,C286,PR02,KYC Completed,2025-04-04
E00699,C352,PR02,Activated,2025-07-18
E00700,C124,PR03,First Transaction,2025-02-28
E00701,C171,PR05,Approved,2025-11-22
E00702,C454,PR01,Application Started,2025-07-25
E00703,C352,PR05,First Transaction,2025-07-14
E00704,C045,PR01,KYC Completed,2025-07-19
E00705,C169,PR07,KYC Completed,2025-03-18
E00706,C451,PR05,Viewed,2025-02-01
E00707,C157,PR01,Viewed,2025-10-08
E00708,C068,PR01,Viewed,2025-09-29
E00709,C055,PR01,KYC Completed,2025-11-29
E00710,C485,PR01,Approved,2025-05-01
E00711,C388,PR04,Application Started,2025-06-22
E00712,C130,PR05,Activated,2025-02-26
E00713,C057,PR05,Approved,2025-07-06
E00714,C113,PR01,KYC Completed,2025-09-24
E00715,C419,PR02,Application Started,2025-05-06
E00716,C398,PR04,KYC Completed,2025-04-16
E00717,C043,PR02,First Transaction,2025-02-06
E00718,C318,PR05,Application Started,2025-10-15
E00719,C468,PR01,Viewed,2025-09-03
E00720,C201,PR01,Approved,2025-11-25
E00721,C395,PR05,Viewed,2025-03-02
E00722,C307,PR02,Application Started,2025-02-15
E00723,C442,PR05,KYC Completed,2025-11-05
E00724,C483,PR05,Approved,2025-06-24
E00725,C153,PR05,Viewed,2025-09-08
E00726,C093,PR04,KYC Completed,2025-11-16
E00727,C470,PR05,Application Started,2025-12-22
E00728,C254,PR01,First Transaction,2025-04-17
E00729,C413,PR05,First Transaction,2025-12-20
E00730,C359,PR02,Approved,2025-07-19
E00731,C237,PR02,Application Started,2025-01-28
E00732,C048,PR02,Approved,2025-07-24
E00733,C144,PR03,Application Started,2025-06-21
E00734,C285,PR01,KYC Completed,2025-09-06
E00735,C146,PR07,First Transaction,2025-05-25
E00736,C361,PR06,KYC Completed,2025-02-17
E00737,C095,PR02,Approved,2025-02-21
E00738,C280,PR02,Application Started,2025-08-23
E00739,C164,PR06,KYC Completed,2025-06-22
E00740,C092,PR07,Approved,2025-07-11
E00741,C244,PR01,Viewed,2025-04-26
E00742,C432,PR07,Application Started,2025-09-09
E00743,C246,PR05,Activated,2025-06-11
E00744,C434,PR01,Viewed,2025-04-13
E00745,C063,PR06,Approved,2025-08-04
E00746,C414,PR05,First Transaction,2025-04-13
E00747,C251,PR01,Activated,2025-03-08
E00748,C493,PR07,Application Started,2025-12-10
E00749,C242,PR02,First Transaction,2025-07-04
E00750,C421,PR01,Viewed,2025-05-29
E00751,C475,PR01,Viewed,2025-05-04
E00752,C196,PR01,KYC Completed,2025-07-11
E00753,C304,PR05,Application Started,2025-08-25
E00754,C389,PR05,Viewed,2025-02-23
E00755,C043,PR04,Approved,2025-10-01
E00756,C408,PR04,Viewed,2025-08-23
E00757,C027,PR05,Activated,2025-01-01
E00758,C139,PR03,First Transaction,2025-04-09
E00759,C442,PR05,First Transaction,2025-11-08
E00760,C279,PR07,Approved,2025-04-11
E00761,C202,PR01,Application Started,2025-10-04
E00762,C354,PR06,Application Started,2024-12-30
E00763,C091,PR04,KYC Completed,2025-11-18
E00764,C437,PR05,First Transaction,2025-10-17
E00765,C113,PR05,Approved,2025-09-17
E00766,C026,PR01,Approved,2025-10-28
E00767,C288,PR01,Activated,2025-01-17
E00768,C167,PR03,KYC Completed,2025-11-09
E00769,C341,PR06,Approved,2025-07-10
E00770,C480,PR01,Approved,2025-04-01
E00771,C033,PR06,Application Started,2025-10-27
E00772,C043,PR02,Approved,2025-11-15
E00773,C071,PR02,Approved,2025-01-04
E00774,C240,PR01,Application Started,2025-03-07
E00775,C487,PR02,Approved,2025-04-24
E00776,C202,PR04,First Transaction,2025-10-31
E00777,C416,PR06,KYC Completed,2025-10-22
E00778,C201,PR02,First Transaction,2025-02-22
E00779,C448,PR01,Approved,2025-05-26
E00780,C497,PR02,Approved,2025-08-15
E00781,C002,PR04,Application Started,2025-01-09
E00782,C442,PR06,Activated,2025-02-05
E00783,C050,PR03,Application Started,2025-09-29
E00784,C370,PR01,Approved,2025-10-26
E00785,C492,PR02,Activated,2025-05-26
E00786,C381,PR06,Activated,2025-08-21
E00787,C482,PR05,Approved,2025-11-01
E00788,C096,PR01,First Transaction,2025-08-18
E00789,C254,PR07,KYC Completed,2025-03-25
E00790,C448,PR01,Activated,2025-05-26
E00791,C216,PR06,Activated,2025-01-26
E00792,C108,PR05,Application Started,2025-05-08
E00793,C034,PR02,Viewed,2025-08-27
E00794,C063,PR02,KYC Completed,2025-02-27
E00795,C173,PR04,Application Started,2025-02-07
E00796,C107,PR01,Viewed,2025-01-08
E00797,C187,PR03,Viewed,2025-04-26
E00798,C083,PR05,Activated,2025-04-05
E00799,C136,PR04,Application Started,2025-08-27
E00800,C196,PR04,Application Started,2025-06-05
E00801,C086,PR05,Approved,2025-09-08
E00802,C166,PR03,Viewed,2025-01-26
E00803,C179,PR05,Activated,2025-04-17
E00804,C316,PR01,Approved,2025-09-23
E00805,C322,PR05,Viewed,2025-05-04
E00806,C143,PR04,Application Started,2025-09-07
E00807,C076,PR03,First Transaction,2025-07-25
E00808,C237,PR06,KYC Completed,2025-01-18
E00809,C125,PR03,Approved,2025-03-19
E00810,C256,PR02,First Transaction,2025-03-14
E00811,C165,PR05,Activated,2025-01-11
E00812,C210,PR05,Approved,2025-06-20
E00813,C390,PR05,First Transaction,2025-06-15
E00814,C374,PR03,KYC Completed,2025-05-26
E00815,C434,PR01,Application Started,2025-07-03
E00816,C481,PR02,Viewed,2025-05-14
E00817,C281,PR04,First Transaction,2025-08-18
E00818,C079,PR05,Application Started,2025-10-14
E00819,C033,PR06,KYC Completed,2025-10-26
E00820,C230,PR01,Application Started,2025-12-05
E00821,C428,PR07,Application Started,2025-12-17
E00822,C171,PR03,First Transaction,2025-11-30
E00823,C060,PR02,Approved,2025-11-05
E00824,C198,PR05,Application Started,2025-03-22
E00825,C475,PR01,Viewed,2025-05-02
E00826,C224,PR07,Application Started,2025-08-09
E00827,C274,PR05,First Transaction,2025-12-09
E00828,C202,PR01,Approved,2025-10-08
E00829,C231,PR02,Viewed,2025-03-10
E00830,C063,PR02,Approved,2025-02-27
E00831,C458,PR01,First Transaction,2025-12-09
E00832,C389,PR02,Approved,2025-12-11
E00833,C139,PR03,Viewed,2025-04-09
E00834,C349,PR02,Viewed,2025-12-27
E00835,C030,PR07,Application Started,2025-05-24
E00836,C106,PR07,KYC Completed,2025-03-13
E00837,C014,PR01,Activated,2025-07-06
E00838,C026,PR01,KYC Completed,2025-10-21
E00839,C392,PR03,KYC Completed,2025-11-08
E00840,C179,PR01,Activated,2025-12-09
E00841,C379,PR05,Activated,2025-03-06
E00842,C260,PR03,Application Started,2025-08-26
E00843,C425,PR02,KYC Completed,2025-09-15
E00844,C253,PR01,Viewed,2025-02-11
E00845,C205,PR04,Activated,2025-12-31
E00846,C371,PR02,Application Started,2025-10-27
E00847,C188,PR02,Application Started,2025-04-19
E00848,C375,PR05,Viewed,2025-07-14
E00849,C173,PR01,First Transaction,2025-04-09
E00850,C048,PR01,Activated,2025-04-25
E00851,C162,PR04,Viewed,2025-07-20
E00852,C477,PR04,KYC Completed,2025-08-16
E00853,C292,PR02,First Transaction,2025-06-04
E00854,C374,PR06,KYC Completed,2025-07-02
E00855,C497,PR03,Viewed,2025-07-27
E00856,C351,PR05,Approved,2025-07-07
E00857,C317,PR05,Viewed,2025-03-12
E00858,C011,PR05,Approved,2025-09-01
E00859,C029,PR01,Viewed,2025-01-18
E00860,C404,PR07,Viewed,2025-01-04
E00861,C157,PR01,Application Started,2025-06-14
E00862,C475,PR01,Viewed,2025-10-23
E00863,C341,PR05,First Transaction,2025-09-27
E00864,C124,PR01,Viewed,2025-09-06
E00865,C193,PR02,Activated,2025-11-06
E00866,C118,PR02,Application Started,2025-06-24
E00867,C229,PR01,Approved,2025-08-30
E00868,C392,PR05,Application Started,2025-03-20
E00869,C405,PR01,KYC Completed,2025-08-28
E00870,C479,PR05,Activated,2025-11-16
E00871,C122,PR05,Viewed,2025-07-19
E00872,C123,PR05,Application Started,2025-10-06
E00873,C417,PR07,KYC Completed,2025-05-06
E00874,C191,PR02,Approved,2025-10-26
E00875,C118,PR02,Activated,2025-01-18
E00876,C133,PR02,Activated,2025-10-24
E00877,C091,PR04,Activated,2025-11-21
E00878,C385,PR06,First Transaction,2025-01-22
E00879,C095,PR05,KYC Completed,2025-12-23
E00880,C413,PR05,Viewed,2025-12-23
E00881,C388,PR05,KYC Completed,2025-10-15
E00882,C164,PR01,First Transaction,2025-04-07
E00883,C200,PR03,Activated,2025-05-13
E00884,C259,PR05,Viewed,2025-08-14
E00885,C474,PR02,Activated,2025-04-14
E00886,C237,PR02,First Transaction,2025-01-29
E00887,C500,PR03,Application Started,2025-11-05
E00888,C200,PR02,Approved,2025-10-16
E00889,C095,PR05,Application Started,2025-12-22
E00890,C488,PR04,Application Started,2025-05-12
E00891,C106,PR05,Viewed,2025-06-02
E00892,C311,PR02,Activated,2025-04-29
E00893,C124,PR01,Approved,2025-09-07
E00894,C231,PR05,KYC Completed,2025-05-17
E00895,C296,PR01,Viewed,2025-12-28
E00896,C409,PR03,Activated,2025-04-11
E00897,C357,PR05,Viewed,2025-10-10
E00898,C055,PR05,Approved,2025-07-25
E00899,C269,PR05,Approved,2025-05-03
E00900,C459,PR01,Approved,2025-08-15
E00901,C139,PR05,KYC Completed,2025-11-21
E00902,C177,PR02,Approved,2025-05-07
E00903,C259,PR06,Activated,2025-09-24
E00904,C440,PR01,KYC Completed,2025-05-10
E00905,C348,PR03,Application Started,2025-01-25
E00906,C332,PR06,Approved,2025-11-06
E00907,C260,PR05,Activated,2025-05-14
E00908,C103,PR05,First Transaction,2025-11-09
E00909,C482,PR05,KYC Completed,2025-07-13
E00910,C418,PR01,Approved,2025-09-26
E00911,C155,PR01,Viewed,2025-02-13
E00912,C307,PR08,Activated,2025-02-08
E00913,C318,PR05,KYC Completed,2025-10-19
E00914,C129,PR04,Approved,2025-10-30
E00915,C474,PR06,Approved,2025-01-24
E00916,C492,PR05,Approved,2025-01-31
E00917,C425,PR02,Application Started,2025-09-16
E00918,C411,PR01,Activated,2025-07-10
E00919,C011,PR05,First Transaction,2025-08-30
E00920,C183,PR05,Viewed,2025-06-16
E00921,C246,PR05,Application Started,2025-01-19
E00922,C432,PR07,Viewed,2025-09-08
E00923,C354,PR06,Application Started,2025-01-26
E00924,C184,PR01,KYC Completed,2025-04-12
E00925,C292,PR02,Application Started,2025-06-03
E00926,C287,PR05,Viewed,2025-07-11
E00927,C307,PR03,KYC Completed,2025-10-22
E00928,C413,PR02,Activated,2025-11-09
E00929,C393,PR08,Activated,2025-04-02
E00930,C205,PR01,Application Started,2025-03-17
E00931,C020,PR05,KYC Completed,2025-09-04
E00932,C040,PR01,Application Started,2025-12-17
E00933,C350,PR03,Application Started,2025-05-31
E00934,C163,PR05,Application Started,2025-08-18
E00935,C253,PR01,KYC Completed,2025-01-04
E00936,C170,PR05,Viewed,2025-06-05
E00937,C044,PR06,KYC Completed,2025-09-13
E00938,C038,PR01,KYC Completed,2025-07-29
E00939,C193,PR05,Viewed,2025-09-24
E00940,C280,PR02,Activated,2025-01-07
E00941,C005,PR05,Application Started,2025-12-21
E00942,C432,PR05,KYC Completed,2025-03-07
E00943,C221,PR04,First Transaction,2025-11-30
E00944,C203,PR05,Viewed,2025-03-08
E00945,C316,PR06,Approved,2025-01-22
E00946,C165,PR05,Activated,2025-07-24
E00947,C077,PR01,Activated,2025-05-27
E00948,C310,PR01,First Transaction,2025-04-26
E00949,C240,PR01,Activated,2025-04-06
E00950,C027,PR02,Application Started,2025-10-27
E00951,C342,PR07,Application Started,2025-12-27
E00952,C188,PR05,Application Started,2025-06-04
E00953,C102,PR05,Application Started,2025-03-09
E00954,C417,PR07,Approved,2025-05-08
E00955,C486,PR01,Viewed,2025-07-16
E00956,C046,PR01,Viewed,2025-04-15
E00957,C279,PR07,Activated,2025-04-06
E00958,C186,PR06,First Transaction,2025-08-10
E00959,C316,PR01,First Transaction,2025-08-07
E00960,C318,PR05,Viewed,2025-02-13
E00961,C295,PR05,KYC Completed,2025-06-29
E00962,C316,PR01,Viewed,2025-07-26
E00963,C213,PR05,Activated,2025-10-10
E00964,C191,PR05,Approved,2025-09-17
E00965,C175,PR01,Activated,2025-03-28
E00966,C036,PR05,KYC Completed,2025-08-01
E00967,C257,PR02,Activated,2025-02-28
E00968,C264,PR01,Application Started,2025-02-26
E00969,C150,PR06,Viewed,2025-01-20
E00970,C372,PR03,Application Started,2025-08-13
E00971,C324,PR05,Approved,2025-12-06
E00972,C497,PR03,Viewed,2025-07-24
E00973,C325,PR05,Approved,2025-05-02
E00974,C147,PR03,Activated,2025-01-13
E00975,C229,PR05,KYC Completed,2025-02-16
E00976,C189,PR06,Viewed,2025-12-31
E00977,C329,PR06,Approved,2025-05-31
E00978,C459,PR01,Activated,2025-01-01
E00979,C246,PR06,First Transaction,2025-02-04
E00980,C192,PR05,Activated,2025-10-16
E00981,C229,PR06,Approved,2025-09-23
E00982,C067,PR06,Activated,2025-10-02
E00983,C007,PR05,Activated,2025-09-22
E00984,C378,PR08,Application Started,2025-04-09
E00985,C041,PR05,Approved,2025-03-12
E00986,C459,PR02,First Transaction,2025-03-11
E00987,C046,PR01,Viewed,2025-04-14
E00988,C226,PR01,KYC Completed,2024-12-31
E00989,C417,PR01,First Transaction,2025-08-15
E00990,C123,PR02,Application Started,2025-04-04
E00991,C232,PR05,KYC Completed,2025-08-23
E00992,C126,PR05,KYC Completed,2025-06-23
E00993,C488,PR04,First Transaction,2025-10-03
E00994,C078,PR04,First Transaction,2025-02-04
E00995,C390,PR05,KYC Completed,2025-09-01
E00996,C422,PR01,Viewed,2025-08-29
E00997,C039,PR05,First Transaction,2025-11-27
E00998,C448,PR05,Activated,2025-05-02
E00999,C312,PR01,Viewed,2025-06-13
E01000,C041,PR01,Application Started,2025-10-09
E01001,C312,PR04,Viewed,2025-06-06
E01002,C276,PR01,Activated,2025-06-18
E01003,C478,PR03,First Transaction,2025-04-06
E01004,C416,PR06,Activated,2025-06-18
E01005,C052,PR02,KYC Completed,2025-09-09
E01006,C352,PR05,KYC Completed,2025-07-18
E01007,C440,PR04,Application Started,2025-10-09
E01008,C034,PR02,First Transaction,2025-09-01
E01009,C431,PR05,Viewed,2025-11-02
E01010,C454,PR06,First Transaction,2025-11-25
E01011,C034,PR05,KYC Completed,2025-12-22
E01012,C252,PR01,Viewed,2025-06-12
E01013,C494,PR04,Viewed,2025-06-11
E01014,C104,PR03,Application Started,2025-07-07
E01015,C426,PR05,Application Started,2025-04-14
E01016,C065,PR01,Activated,2024-12-31
E01017,C247,PR05,Viewed,2025-12-04
E01018,C159,PR05,Application Started,2025-08-03
E01019,C409,PR04,Viewed,2025-11-23
E01020,C186,PR01,Approved,2025-01-19
E01021,C422,PR06,Activated,2025-10-30
E01022,C194,PR01,First Transaction,2025-03-09
E01023,C113,PR05,KYC Completed,2025-09-15
E01024,C422,PR06,Activated,2025-11-01
E01025,C234,PR05,KYC Completed,2025-06-29
E01026,C104,PR05,First Transaction,2025-10-29
E01027,C116,PR06,Application Started,2025-08-18
E01028,C137,PR07,Viewed,2025-08-15
E01029,C204,PR06,Activated,2025-10-22
E01030,C007,PR07,First Transaction,2025-04-12
E01031,C126,PR01,First Transaction,2025-08-25
E01032,C189,PR02,KYC Completed,2025-01-30
E01033,C184,PR02,Activated,2025-04-21
E01034,C449,PR03,Activated,2025-03-07
E01035,C230,PR04,First Transaction,2025-04-28
E01036,C332,PR06,KYC Completed,2025-11-04
E01037,C220,PR01,Approved,2025-12-19
E01038,C378,PR05,Viewed,2025-08-21
E01039,C456,PR06,Approved,2025-08-02
E01040,C116,PR01,Approved,2025-02-04
E01041,C033,PR05,Application Started,2025-08-06
E01042,C244,PR04,Application Started,2025-10-15
E01043,C492,PR03,Activated,2025-03-19
E01044,C243,PR02,Activated,2025-07-14
E01045,C300,PR05,KYC Completed,2025-05-29
E01046,C163,PR01,KYC Completed,2025-11-23
E01047,C431,PR04,Viewed,2025-04-19
E01048,C060,PR05,KYC Completed,2025-08-04
E01049,C317,PR08,First Transaction,2025-05-04
E01050,C497,PR07,First Transaction,2025-11-21
E01051,C124,PR06,Approved,2025-09-17
E01052,C102,PR05,Viewed,2025-12-04
E01053,C328,PR05,KYC Completed,2025-02-04
E01054,C170,PR05,Activated,2025-06-04
E01055,C061,PR01,First Transaction,2024-12-31
E01056,C007,PR01,Activated,2025-12-01
E01057,C393,PR05,First Transaction,2025-12-13
E01058,C357,PR02,Application Started,2025-07-12
E01059,C068,PR05,First Transaction,2025-05-21
E01060,C370,PR05,First Transaction,2025-07-04
E01061,C239,PR01,Application Started,2025-04-23
E01062,C455,PR02,Application Started,2025-01-14
E01063,C490,PR05,First Transaction,2025-04-03
E01064,C391,PR04,KYC Completed,2025-11-22
E01065,C486,PR02,Approved,2025-03-26
E01066,C089,PR06,First Transaction,2025-09-17
E01067,C408,PR01,Application Started,2025-04-15
E01068,C079,PR01,KYC Completed,2025-09-22
E01069,C316,PR05,First Transaction,2025-11-05
E01070,C155,PR01,First Transaction,2025-06-26
E01071,C042,PR05,Viewed,2025-03-24
E01072,C308,PR02,Approved,2025-10-13
E01073,C485,PR05,Activated,2025-12-25
E01074,C065,PR05,Application Started,2025-05-31
E01075,C408,PR05,KYC Completed,2025-08-26
E01076,C461,PR05,Viewed,2025-01-12
E01077,C195,PR05,Application Started,2025-08-27
E01078,C115,PR05,First Transaction,2025-09-18
E01079,C267,PR01,First Transaction,2025-11-14
E01080,C308,PR06,Application Started,2025-04-11
E01081,C409,PR04,Approved,2025-11-26
E01082,C182,PR08,Activated,2025-12-08
E01083,C312,PR01,Application Started,2025-06-12
E01084,C009,PR02,KYC Completed,2025-12-09
E01085,C204,PR02,First Transaction,2025-09-02
E01086,C032,PR04,Viewed,2025-09-11
E01087,C372,PR02,Application Started,2025-09-15
E01088,C496,PR05,KYC Completed,2025-11-20
E01089,C020,PR02,KYC Completed,2025-12-15
E01090,C189,PR04,Activated,2025-06-11
E01091,C253,PR05,Activated,2025-05-02
E01092,C105,PR01,Viewed,2025-07-22
E01093,C072,PR05,First Transaction,2025-12-16
E01094,C438,PR08,Approved,2025-10-17
E01095,C220,PR01,Application Started,2025-10-07
E01096,C044,PR02,Approved,2025-02-19
E01097,C348,PR03,Application Started,2025-01-26
E01098,C266,PR03,Approved,2025-01-19
E01099,C495,PR03,KYC Completed,2025-11-15
E01100,C464,PR05,Viewed,2025-03-25
E01101,C135,PR05,KYC Completed,2025-11-21
E01102,C369,PR05,Application Started,2025-08-08
E01103,C368,PR05,Viewed,2025-09-25
E01104,C060,PR04,KYC Completed,2025-09-10
E01105,C322,PR06,Viewed,2025-07-27
E01106,C154,PR02,First Transaction,2025-04-27
E01107,C318,PR06,Activated,2025-12-11
E01108,C419,PR02,Viewed,2025-05-05
E01109,C040,PR07,Viewed,2025-06-16
E01110,C459,PR01,Application Started,2025-01-02
E01111,C130,PR04,KYC Completed,2025-04-29
E01112,C301,PR05,Activated,2025-09-11
E01113,C018,PR05,Application Started,2025-02-05
E01114,C218,PR02,Application Started,2025-06-07
E01115,C007,PR02,Approved,2025-07-06
E01116,C165,PR05,Viewed,2025-03-15
E01117,C244,PR04,Application Started,2025-10-13
E01118,C338,PR03,Viewed,2025-05-16
E01119,C018,PR02,Viewed,2025-03-02
E01120,C204,PR04,Viewed,2025-08-05
E01121,C346,PR01,Application Started,2025-08-04
E01122,C018,PR02,Approved,2025-06-03
E01123,C047,PR02,Viewed,2025-03-15
E01124,C202,PR06,Approved,2025-03-12
E01125,C252,PR03,Approved,2025-03-12
E01126,C439,PR01,First Transaction,2025-11-29
E01127,C051,PR05,Approved,2025-07-31
E01128,C034,PR04,Approved,2025-08-27
E01129,C282,PR01,Application Started,2025-10-11
E01130,C169,PR07,KYC Completed,2025-03-21
E01131,C370,PR07,First Transaction,2025-09-14
E01132,C094,PR05,First Transaction,2025-12-27
E01133,C021,PR02,Viewed,2025-11-04
E01134,C055,PR06,Activated,2025-06-25
E01135,C445,PR01,Application Started,2025-06-22
E01136,C150,PR05,Application Started,2025-11-06
E01137,C417,PR02,KYC Completed,2025-08-23
E01138,C189,PR06,Viewed,2025-03-28
E01139,C112,PR04,Approved,2025-01-25
E01140,C272,PR06,Application Started,2025-05-31
E01141,C033,PR01,First Transaction,2025-04-29
E01142,C290,PR05,Application Started,2025-02-02
E01143,C022,PR05,Approved,2025-12-23
E01144,C329,PR03,Viewed,2025-03-26
E01145,C257,PR01,Activated,2025-09-23
E01146,C263,PR02,KYC Completed,2025-12-11
E01147,C329,PR06,Viewed,2025-05-29
E01148,C364,PR01,KYC Completed,2025-01-20
E01149,C456,PR05,Application Started,2025-03-17
E01150,C022,PR05,Viewed,2025-07-10
E01151,C032,PR05,KYC Completed,2025-06-13
E01152,C199,PR05,KYC Completed,2025-06-12
E01153,C002,PR04,First Transaction,2025-01-10
E01154,C344,PR05,Approved,2025-08-21
E01155,C094,PR05,Approved,2025-10-31
E01156,C167,PR03,First Transaction,2025-05-12
E01157,C063,PR02,Activated,2025-02-27
E01158,C237,PR05,Approved,2025-02-23
E01159,C052,PR02,Viewed,2025-09-07
E01160,C084,PR01,First Transaction,2025-07-13
E01161,C074,PR05,KYC Completed,2025-08-05
E01162,C088,PR08,KYC Completed,2025-04-20
E01163,C372,PR03,Activated,2025-05-05
E01164,C344,PR06,KYC Completed,2025-04-01
E01165,C096,PR01,Viewed,2025-08-15
E01166,C068,PR01,KYC Completed,2025-06-14
E01167,C374,PR06,Viewed,2025-07-01
E01168,C419,PR02,Activated,2025-12-15
E01169,C139,PR03,Viewed,2025-08-24
E01170,C041,PR06,Approved,2025-09-18
E01171,C328,PR08,Activated,2025-05-22
E01172,C405,PR01,Application Started,2025-02-02
E01173,C280,PR05,KYC Completed,2025-01-12
E01174,C244,PR02,Application Started,2025-05-23
E01175,C147,PR01,Application Started,2025-11-18
E01176,C076,PR04,Activated,2025-05-12
E01177,C147,PR01,Approved,2025-06-01
E01178,C062,PR06,KYC Completed,2025-08-30
E01179,C157,PR05,Viewed,2025-09-10
E01180,C204,PR05,Application Started,2025-07-30
E01181,C068,PR01,KYC Completed,2025-09-27
E01182,C244,PR01,Approved,2025-08-30
E01183,C232,PR05,Application Started,2025-02-15
E01184,C387,PR06,Approved,2025-10-08
E01185,C084,PR03,KYC Completed,2025-04-18
E01186,C283,PR05,Activated,2025-02-16
E01187,C440,PR01,Application Started,2025-05-21
E01188,C453,PR05,KYC Completed,2025-04-28
E01189,C415,PR04,KYC Completed,2025-06-04
E01190,C432,PR01,Application Started,2025-07-30
E01191,C188,PR02,Application Started,2025-04-17
E01192,C051,PR07,Activated,2025-01-31
E01193,C454,PR03,Viewed,2025-07-21
E01194,C322,PR05,First Transaction,2025-05-03
E01195,C256,PR05,Application Started,2025-09-02
E01196,C104,PR04,Activated,2025-10-16
E01197,C391,PR05,First Transaction,2025-08-30
E01198,C319,PR05,KYC Completed,2025-03-23
E01199,C331,PR05,First Transaction,2025-09-06
E01200,C106,PR01,Viewed,2025-12-24
E01201,C262,PR05,KYC Completed,2025-12-25
E01202,C155,PR01,Activated,2025-02-09
E01203,C054,PR08,First Transaction,2025-04-02
E01204,C051,PR01,Approved,2025-09-04
E01205,C407,PR02,KYC Completed,2025-07-14
E01206,C130,PR05,Viewed,2025-10-20
E01207,C341,PR01,First Transaction,2025-07-27
E01208,C372,PR02,Application Started,2025-09-14
E01209,C088,PR01,Activated,2025-02-26
E01210,C446,PR03,Viewed,2025-02-25
E01211,C068,PR05,Activated,2025-05-23
E01212,C369,PR01,Approved,2025-04-29
E01213,C259,PR06,Viewed,2025-09-27
E01214,C039,PR05,First Transaction,2025-09-01
E01215,C032,PR04,Viewed,2025-09-10
E01216,C266,PR06,Approved,2025-07-17
E01217,C282,PR05,First Transaction,2025-02-24
E01218,C142,PR02,First Transaction,2025-07-15
E01219,C363,PR08,KYC Completed,2025-10-01
E01220,C464,PR05,Approved,2025-10-19
E01221,C155,PR03,Activated,2025-04-29
E01222,C035,PR05,KYC Completed,2025-12-02
E01223,C251,PR02,Approved,2025-03-04
E01224,C468,PR03,Approved,2025-01-08
E01225,C389,PR02,Approved,2025-09-30
E01226,C480,PR04,Activated,2025-03-08
E01227,C391,PR05,First Transaction,2025-10-30
E01228,C324,PR07,Approved,2025-10-18
E01229,C318,PR05,Approved,2025-02-11
E01230,C138,PR05,Application Started,2025-10-10
E01231,C237,PR03,Approved,2025-08-20
E01232,C088,PR05,Approved,2025-07-15
E01233,C077,PR02,Viewed,2025-02-02
E01234,C060,PR03,First Transaction,2025-01-07
E01235,C410,PR04,First Transaction,2025-06-16
E01236,C314,PR01,Activated,2025-03-20
E01237,C038,PR01,Activated,2025-07-06
E01238,C089,PR06,Activated,2025-11-07
E01239,C329,PR05,Viewed,2025-09-12
E01240,C490,PR04,Application Started,2025-02-18
E01241,C395,PR08,Approved,2025-11-06
E01242,C294,PR01,Application Started,2025-07-24
E01243,C232,PR01,Viewed,2025-09-26
E01244,C275,PR01,Activated,2025-07-31
E01245,C202,PR04,KYC Completed,2025-11-01
E01246,C040,PR05,First Transaction,2025-09-20
E01247,C332,PR05,First Transaction,2025-01-09
E01248,C091,PR01,Approved,2025-01-08
E01249,C031,PR06,KYC Completed,2025-10-06
E01250,C352,PR02,KYC Completed,2025-02-11
E01251,C034,PR02,Approved,2025-09-01
E01252,C318,PR05,KYC Completed,2025-02-14
E01253,C109,PR03,Application Started,2025-09-14
E01254,C171,PR04,Application Started,2025-01-14
E01255,C109,PR01,KYC Completed,2025-07-07
E01256,C034,PR04,Activated,2025-08-26
E01257,C116,PR02,Application Started,2025-01-03
E01258,C165,PR05,Viewed,2025-03-16
E01259,C480,PR05,Approved,2025-08-17
E01260,C487,PR05,Approved,2025-07-10
E01261,C278,PR02,Application Started,2025-11-17
E01262,C131,PR01,Approved,2025-04-06
E01263,C061,PR06,First Transaction,2025-10-25
E01264,C238,PR02,Activated,2025-10-20
E01265,C176,PR01,Application Started,2025-03-21
E01266,C188,PR07,Application Started,2025-06-21
E01267,C046,PR05,Approved,2025-12-07
E01268,C036,PR05,Activated,2025-07-31
E01269,C408,PR04,KYC Completed,2025-08-25
E01270,C183,PR01,Activated,2025-03-12
E01271,C295,PR01,Activated,2025-12-22
E01272,C038,PR03,Activated,2025-12-10
E01273,C075,PR01,Activated,2025-08-22
E01274,C085,PR05,KYC Completed,2025-07-21
E01275,C237,PR05,Activated,2025-04-02
E01276,C235,PR04,First Transaction,2025-01-01
E01277,C340,PR03,Viewed,2025-11-08
E01278,C483,PR02,Approved,2025-10-20
E01279,C033,PR05,Activated,2025-08-04
E01280,C300,PR03,Application Started,2025-11-20
E01281,C013,PR02,First Transaction,2025-03-27
E01282,C468,PR01,First Transaction,2025-09-02
E01283,C007,PR01,First Transaction,2025-01-23
E01284,C342,PR02,Activated,2025-01-11
E01285,C052,PR05,Approved,2025-10-24
E01286,C088,PR01,First Transaction,2025-02-28
E01287,C371,PR05,First Transaction,2025-12-16
E01288,C138,PR06,Viewed,2025-05-21
E01289,C260,PR06,First Transaction,2025-08-14
E01290,C382,PR07,Activated,2025-06-06
E01291,C108,PR05,Application Started,2025-11-10
E01292,C033,PR05,First Transaction,2025-08-04
E01293,C264,PR01,Viewed,2025-02-24
E01294,C162,PR05,First Transaction,2025-03-23
E01295,C456,PR05,Approved,2025-03-17
E01296,C162,PR05,Viewed,2025-07-18
E01297,C206,PR06,Approved,2025-07-24
E01298,C033,PR01,First Transaction,2025-04-26
E01299,C473,PR01,Viewed,2025-08-04
E01300,C061,PR06,Approved,2025-10-24
E01301,C136,PR02,Application Started,2025-08-01
E01302,C359,PR01,Viewed,2025-02-21
E01303,C060,PR05,Application Started,2025-08-03
E01304,C250,PR07,First Transaction,2025-06-30
E01305,C248,PR03,Approved,2025-08-29
E01306,C224,PR02,Activated,2025-02-16
E01307,C433,PR01,Application Started,2025-02-23
E01308,C414,PR04,Activated,2025-05-29
E01309,C267,PR01,First Transaction,2025-09-04
E01310,C277,PR04,Activated,2025-10-29
E01311,C014,PR06,Approved,2025-07-14
E01312,C011,PR05,Activated,2025-09-03
E01313,C410,PR01,Approved,2025-02-21
E01314,C310,PR01,KYC Completed,2025-04-26
E01315,C346,PR05,Application Started,2025-12-04
E01316,C205,PR01,Viewed,2025-03-15
E01317,C007,PR05,First Transaction,2025-09-23
E01318,C422,PR01,Activated,2025-06-15
E01319,C241,PR05,KYC Completed,2025-09-02
E01320,C103,PR01,KYC Completed,2025-12-16
E01321,C358,PR05,Approved,2025-08-26
E01322,C204,PR02,KYC Completed,2025-09-01
E01323,C146,PR08,Viewed,2025-03-29
E01324,C201,PR01,First Transaction,2025-09-06
E01325,C359,PR02,Activated,2025-07-16
E01326,C467,PR01,First Transaction,2025-07-23
E01327,C070,PR05,Application Started,2025-03-10
E01328,C278,PR02,First Transaction,2025-02-22
E01329,C419,PR02,KYC Completed,2025-05-08
E01330,C410,PR05,First Transaction,2025-03-07
E01331,C116,PR06,Activated,2025-08-14
E01332,C196,PR01,Viewed,2025-07-13
E01333,C192,PR05,KYC Completed,2025-10-15
E01334,C489,PR03,Activated,2025-08-27
E01335,C317,PR01,Approved,2025-03-09
E01336,C040,PR02,Viewed,2025-11-02
E01337,C264,PR06,Activated,2025-05-16
E01338,C083,PR02,Viewed,2025-08-30
E01339,C273,PR01,KYC Completed,2025-10-29
E01340,C316,PR01,Approved,2025-08-07
E01341,C442,PR05,Viewed,2025-11-07
E01342,C323,PR02,KYC Completed,2025-12-03
E01343,C228,PR02,Activated,2025-01-08
E01344,C395,PR05,KYC Completed,2025-07-21
E01345,C494,PR01,Activated,2025-01-26
E01346,C268,PR06,First Transaction,2025-01-11
E01347,C488,PR05,First Transaction,2025-07-01
E01348,C001,PR02,Viewed,2025-11-21
E01349,C456,PR05,Application Started,2025-03-17
E01350,C428,PR05,First Transaction,2025-11-03
E01351,C391,PR01,Viewed,2025-09-23
E01352,C472,PR01,First Transaction,2025-04-20
E01353,C351,PR05,Viewed,2025-01-19
E01354,C273,PR01,Approved,2025-10-29
E01355,C284,PR05,Viewed,2025-03-30
E01356,C177,PR05,First Transaction,2025-05-10
E01357,C027,PR02,First Transaction,2025-10-26
E01358,C493,PR04,First Transaction,2025-08-24
E01359,C037,PR05,First Transaction,2025-07-16
E01360,C365,PR04,KYC Completed,2025-10-14
E01361,C142,PR05,Activated,2025-10-05
E01362,C209,PR05,Viewed,2025-12-15
E01363,C412,PR01,Approved,2025-08-15
E01364,C328,PR08,KYC Completed,2025-03-17
E01365,C227,PR05,First Transaction,2025-05-28
E01366,C391,PR05,Application Started,2025-02-02
E01367,C239,PR05,Activated,2025-03-04
E01368,C373,PR01,KYC Completed,2025-08-24
E01369,C199,PR08,Application Started,2025-06-17
E01370,C193,PR02,Viewed,2025-08-21
E01371,C267,PR01,Approved,2025-07-04
E01372,C003,PR05,Activated,2025-05-25
E01373,C204,PR05,Approved,2025-02-17
E01374,C404,PR05,KYC Completed,2025-02-23
E01375,C084,PR06,Approved,2025-03-13
E01376,C198,PR02,Application Started,2025-11-05
E01377,C316,PR01,Activated,2025-08-03
E01378,C058,PR04,Activated,2025-08-07
E01379,C478,PR03,Activated,2025-04-06
E01380,C453,PR01,Viewed,2025-12-03
E01381,C027,PR02,Application Started,2025-02-02
E01382,C314,PR01,Application Started,2025-04-02
E01383,C288,PR05,Application Started,2025-11-28
E01384,C142,PR02,Approved,2025-06-09
E01385,C258,PR08,Application Started,2025-05-17
E01386,C047,PR06,KYC Completed,2025-06-13
E01387,C412,PR01,Activated,2025-07-22
E01388,C333,PR01,Viewed,2025-10-26
E01389,C439,PR02,Viewed,2025-10-10
E01390,C062,PR06,Application Started,2025-08-28
E01391,C316,PR01,Activated,2025-09-20
E01392,C091,PR01,Activated,2025-02-10
E01393,C316,PR01,Activated,2025-08-07
E01394,C165,PR01,First Transaction,2025-12-26
E01395,C222,PR01,Approved,2025-09-06
E01396,C420,PR05,KYC Completed,2025-01-11
E01397,C035,PR05,Viewed,2025-01-13
E01398,C034,PR01,Activated,2025-04-06
E01399,C227,PR05,Approved,2025-05-29
E01400,C434,PR04,First Transaction,2025-03-05
E01401,C250,PR07,First Transaction,2025-06-26
E01402,C144,PR04,Approved,2025-03-12
E01403,C296,PR06,Application Started,2025-06-06
E01404,C449,PR03,Approved,2025-03-05
E01405,C231,PR05,Application Started,2025-05-22
E01406,C105,PR05,Activated,2025-06-18
E01407,C377,PR02,Activated,2025-12-10
E01408,C192,PR03,Viewed,2025-09-29
E01409,C061,PR06,Activated,2025-08-17
E01410,C096,PR05,Approved,2025-03-01
E01411,C096,PR05,First Transaction,2025-01-30
E01412,C100,PR06,Approved,2025-08-11
E01413,C247,PR05,First Transaction,2025-04-04
E01414,C126,PR03,KYC Completed,2025-04-29
E01415,C416,PR08,Application Started,2025-02-18
E01416,C308,PR01,Activated,2025-09-24
E01417,C130,PR04,First Transaction,2025-04-25
E01418,C320,PR06,Application Started,2025-08-16
E01419,C316,PR04,KYC Completed,2025-05-23
E01420,C093,PR05,Activated,2025-11-05
E01421,C452,PR06,Approved,2025-06-29
E01422,C278,PR02,Viewed,2025-11-16
E01423,C373,PR02,Viewed,2025-07-30
E01424,C194,PR01,First Transaction,2025-03-04
E01425,C324,PR06,First Transaction,2025-05-27
E01426,C131,PR01,Application Started,2025-04-07
E01427,C226,PR05,Application Started,2025-05-08
E01428,C227,PR05,KYC Completed,2025-06-01
E01429,C066,PR05,Approved,2025-03-07
E01430,C076,PR04,Viewed,2025-02-21
E01431,C370,PR01,Viewed,2025-10-30
E01432,C395,PR05,Application Started,2025-02-28
E01433,C287,PR01,KYC Completed,2025-06-25
E01434,C352,PR06,Viewed,2025-04-21
E01435,C207,PR07,Activated,2025-11-24
E01436,C311,PR03,Activated,2025-07-07
E01437,C007,PR05,Approved,2025-02-14
E01438,C405,PR02,Viewed,2025-04-03
E01439,C259,PR05,Activated,2025-07-31
E01440,C143,PR07,First Transaction,2025-04-05
E01441,C084,PR06,Viewed,2025-03-12
E01442,C155,PR01,KYC Completed,2025-06-27
E01443,C140,PR06,Approved,2025-11-27
E01444,C084,PR03,Application Started,2025-04-16
E01445,C130,PR03,KYC Completed,2025-09-17
E01446,C393,PR01,KYC Completed,2025-07-24
E01447,C008,PR01,Application Started,2025-08-26
E01448,C497,PR03,Approved,2025-07-14
E01449,C288,PR05,Activated,2025-09-07
E01450,C342,PR07,First Transaction,2025-12-25
E01451,C208,PR01,Approved,2025-07-01
E01452,C495,PR02,KYC Completed,2025-01-04
E01453,C182,PR05,Viewed,2025-10-22
E01454,C066,PR04,Approved,2025-02-05
E01455,C374,PR06,KYC Completed,2025-10-29
E01456,C416,PR01,Activated,2025-07-06
E01457,C007,PR05,Viewed,2025-08-24
E01458,C007,PR02,First Transaction,2025-07-02
E01459,C428,PR07,Approved,2025-12-17
E01460,C497,PR02,Application Started,2025-08-16
E01461,C140,PR02,KYC Completed,2025-02-12
E01462,C214,PR05,First Transaction,2025-03-14
E01463,C118,PR06,Approved,2025-06-18
E01464,C391,PR02,Application Started,2025-05-29
E01465,C432,PR05,Application Started,2025-10-08
E01466,C311,PR04,Viewed,2025-12-27
E01467,C461,PR03,Approved,2025-06-23
E01468,C328,PR05,Activated,2025-07-17
E01469,C101,PR05,Activated,2025-02-09
E01470,C014,PR05,KYC Completed,2025-12-11
E01471,C143,PR07,Viewed,2025-04-07
E01472,C091,PR07,KYC Completed,2025-10-04
E01473,C474,PR06,KYC Completed,2025-02-24
E01474,C086,PR01,Approved,2025-06-25
E01475,C350,PR04,Application Started,2025-07-15
E01476,C433,PR01,First Transaction,2025-02-27
E01477,C063,PR06,KYC Completed,2025-08-05
E01478,C230,PR05,Activated,2025-06-18
E01479,C352,PR01,Approved,2025-05-03
E01480,C158,PR06,Application Started,2025-08-31
E01481,C398,PR06,Activated,2025-06-04
E01482,C354,PR06,Application Started,2025-01-26
E01483,C184,PR05,Approved,2025-02-19
E01484,C098,PR05,Approved,2025-08-14
E01485,C479,PR05,Approved,2025-04-03
E01486,C500,PR05,Activated,2025-04-23
E01487,C189,PR01,Application Started,2025-07-20
E01488,C311,PR05,KYC Completed,2025-07-09
E01489,C487,PR05,Activated,2025-05-14
E01490,C015,PR05,Activated,2025-05-09
E01491,C455,PR02,Application Started,2025-05-21
E01492,C050,PR05,First Transaction,2025-11-01
E01493,C198,PR06,First Transaction,2025-12-13
E01494,C309,PR05,Application Started,2025-03-30
E01495,C135,PR05,KYC Completed,2025-04-14
E01496,C005,PR01,First Transaction,2025-06-21
E01497,C105,PR01,Approved,2025-07-22
E01498,C018,PR02,Activated,2025-03-02
E01499,C440,PR05,First Transaction,2025-06-06
E01500,C416,PR05,Approved,2025-01-31
E01501,C370,PR05,Application Started,2025-07-05
E01502,C303,PR02,Approved,2025-01-15
E01503,C124,PR01,KYC Completed,2025-02-16
E01504,C112,PR02,Application Started,2025-03-25
E01505,C116,PR03,Activated,2025-07-27
E01506,C194,PR01,Viewed,2025-01-07
E01507,C422,PR04,KYC Completed,2025-03-11
E01508,C077,PR04,Application Started,2025-04-28
E01509,C417,PR01,KYC Completed,2025-05-06
E01510,C474,PR06,Activated,2025-01-22
E01511,C293,PR02,First Transaction,2025-12-14
E01512,C128,PR06,Activated,2025-09-07
E01513,C351,PR02,Application Started,2025-03-17
E01514,C163,PR01,Approved,2025-11-27
E01515,C106,PR05,Viewed,2025-06-03
E01516,C346,PR05,Viewed,2025-06-02
E01517,C494,PR05,KYC Completed,2025-10-23
E01518,C374,PR03,First Transaction,2025-05-23
E01519,C358,PR06,First Transaction,2025-09-20
E01520,C301,PR06,Approved,2025-10-21
E01521,C292,PR01,Activated,2025-09-05
E01522,C425,PR02,First Transaction,2025-09-16
E01523,C494,PR05,KYC Completed,2025-12-25
E01524,C051,PR01,First Transaction,2025-03-09
E01525,C179,PR05,Application Started,2025-09-01
E01526,C432,PR02,KYC Completed,2025-06-21
E01527,C184,PR04,Activated,2025-02-07
E01528,C377,PR02,Application Started,2025-12-18
E01529,C417,PR05,Viewed,2025-06-24
E01530,C218,PR05,Application Started,2025-11-12
E01531,C073,PR01,Activated,2025-06-06
E01532,C487,PR07,KYC Completed,2025-04-23
E01533,C370,PR05,First Transaction,2025-02-23
E01534,C230,PR05,Approved,2025-06-21
E01535,C196,PR04,Viewed,2025-06-05
E01536,C273,PR03,Activated,2025-08-21
E01537,C213,PR06,Approved,2025-09-25
E01538,C254,PR01,KYC Completed,2025-02-22
E01539,C064,PR06,Approved,2025-08-21
E01540,C456,PR06,Application Started,2025-05-27
E01541,C123,PR01,First Transaction,2025-03-21
E01542,C410,PR04,Application Started,2025-06-14
E01543,C071,PR08,Viewed,2025-08-20
E01544,C063,PR06,Activated,2025-08-01
E01545,C495,PR03,First Transaction,2025-11-16
E01546,C173,PR04,Viewed,2025-02-05
E01547,C015,PR05,Application Started,2025-05-13
E01548,C336,PR01,KYC Completed,2025-03-21
E01549,C068,PR01,Viewed,2025-09-25
E01550,C244,PR01,Approved,2025-06-19
E01551,C193,PR02,Approved,2025-11-03
E01552,C400,PR01,Viewed,2025-12-03
E01553,C431,PR07,KYC Completed,2025-07-01
E01554,C340,PR06,Activated,2025-06-07
E01555,C323,PR06,Application Started,2025-02-27
E01556,C388,PR06,Activated,2025-10-21
E01557,C217,PR04,First Transaction,2025-12-03
E01558,C410,PR06,Approved,2025-05-15
E01559,C186,PR02,Application Started,2025-04-01
E01560,C275,PR05,Viewed,2025-03-19
E01561,C093,PR04,First Transaction,2025-07-21
E01562,C263,PR05,Application Started,2025-04-01
E01563,C168,PR03,Viewed,2025-08-17
E01564,C311,PR06,Activated,2025-05-04
E01565,C223,PR02,Approved,2025-06-02
E01566,C449,PR05,Activated,2025-09-21
E01567,C062,PR01,Activated,2025-04-04
E01568,C042,PR05,Approved,2025-03-27
E01569,C280,PR05,First Transaction,2025-01-12
E01570,C030,PR01,First Transaction,2025-09-27
E01571,C244,PR01,Viewed,2025-08-30
E01572,C402,PR06,Application Started,2025-01-02
E01573,C232,PR05,Approved,2025-02-17
E01574,C223,PR05,Viewed,2025-02-23
E01575,C225,PR05,Application Started,2025-04-04
E01576,C352,PR01,Application Started,2025-05-04
E01577,C366,PR02,First Transaction,2025-09-10
E01578,C399,PR06,Approved,2025-06-11
E01579,C183,PR05,Activated,2025-04-29
E01580,C067,PR04,Approved,2025-03-28
E01581,C398,PR06,Viewed,2025-06-08
E01582,C367,PR05,Approved,2025-12-23
E01583,C247,PR02,Approved,2025-12-25
E01584,C217,PR04,First Transaction,2025-12-04
E01585,C284,PR05,Viewed,2025-07-30
E01586,C045,PR05,KYC Completed,2025-10-31
E01587,C106,PR05,Application Started,2025-04-12
E01588,C201,PR01,Viewed,2025-06-22
E01589,C374,PR05,First Transaction,2025-09-16
E01590,C435,PR05,Viewed,2025-08-30
E01591,C421,PR02,First Transaction,2025-10-15
E01592,C295,PR06,Activated,2025-09-20
E01593,C048,PR01,Activated,2025-10-30
E01594,C324,PR05,First Transaction,2025-12-07
E01595,C050,PR01,Activated,2025-09-02
E01596,C331,PR05,Activated,2025-09-03
E01597,C399,PR06,Application Started,2025-06-15
E01598,C025,PR05,Approved,2025-02-17
E01599,C182,PR05,Application Started,2025-10-21
E01600,C246,PR05,First Transaction,2025-01-22
E01601,C428,PR04,KYC Completed,2025-06-03
E01602,C281,PR01,KYC Completed,2025-01-11
E01603,C060,PR02,KYC Completed,2025-11-06
E01604,C067,PR03,Activated,2025-06-08
E01605,C424,PR02,KYC Completed,2025-01-20
E01606,C021,PR02,Approved,2025-06-17
E01607,C241,PR02,Approved,2025-03-20
E01608,C226,PR08,Activated,2025-02-22
E01609,C139,PR06,Application Started,2025-11-24
E01610,C161,PR05,KYC Completed,2025-10-06
E01611,C005,PR01,Viewed,2025-10-17
E01612,C382,PR05,Approved,2025-11-29
E01613,C162,PR04,KYC Completed,2025-07-20
E01614,C372,PR03,Activated,2025-08-16
E01615,C461,PR03,Approved,2025-06-21
E01616,C493,PR04,Viewed,2025-08-20
E01617,C221,PR06,Activated,2025-07-04
E01618,C094,PR05,Viewed,2025-12-26
E01619,C201,PR01,First Transaction,2025-11-26
E01620,C101,PR05,First Transaction,2025-02-11
E01621,C070,PR06,Activated,2025-02-22
E01622,C344,PR01,KYC Completed,2025-11-07
E01623,C012,PR05,KYC Completed,2025-07-02
E01624,C324,PR05,Approved,2025-12-06
E01625,C184,PR04,KYC Completed,2025-02-07
E01626,C260,PR06,Activated,2025-08-16
E01627,C146,PR04,Activated,2025-03-01
E01628,C431,PR05,Activated,2025-11-04
E01629,C380,PR05,KYC Completed,2025-02-01
E01630,C348,PR01,Activated,2025-01-26
E01631,C179,PR05,Viewed,2025-09-08
E01632,C305,PR01,First Transaction,2025-06-24
E01633,C419,PR05,KYC Completed,2025-07-08
E01634,C093,PR05,KYC Completed,2025-11-08
E01635,C096,PR05,First Transaction,2025-11-18
E01636,C155,PR05,Approved,2025-04-03
E01637,C149,PR02,KYC Completed,2025-11-28
E01638,C322,PR06,Activated,2025-07-22
E01639,C500,PR04,Viewed,2025-11-21
E01640,C158,PR06,Viewed,2025-01-31
E01641,C163,PR01,Approved,2025-11-24
E01642,C410,PR05,Viewed,2025-12-13
E01643,C497,PR06,KYC Completed,2025-01-14
E01644,C388,PR04,Activated,2025-06-24
E01645,C392,PR04,Viewed,2025-07-17
E01646,C492,PR02,KYC Completed,2025-05-27
E01647,C410,PR05,KYC Completed,2025-05-04
E01648,C374,PR05,Activated,2025-05-22
E01649,C161,PR05,Viewed,2025-01-05
E01650,C412,PR05,Activated,2025-03-19
E01651,C199,PR02,Activated,2025-02-18
E01652,C181,PR08,Application Started,2025-07-27
E01653,C063,PR05,Activated,2025-04-17
E01654,C021,PR01,First Transaction,2025-03-16
E01655,C153,PR05,Activated,2025-01-25
E01656,C487,PR07,Approved,2025-04-23
E01657,C177,PR02,First Transaction,2025-05-03
E01658,C104,PR02,Viewed,2025-11-12
E01659,C493,PR05,Activated,2025-12-13
E01660,C163,PR05,Activated,2025-02-17
E01661,C358,PR07,Approved,2025-02-11
E01662,C263,PR05,KYC Completed,2025-04-01
E01663,C195,PR05,First Transaction,2025-01-16
E01664,C117,PR06,Viewed,2025-03-04
E01665,C237,PR02,Approved,2025-01-29
E01666,C252,PR03,Activated,2025-03-12
E01667,C341,PR06,Application Started,2025-03-18
E01668,C130,PR05,KYC Completed,2025-11-22
E01669,C433,PR04,Activated,2025-06-05
E01670,C404,PR05,KYC Completed,2025-04-17
E01671,C311,PR05,Approved,2025-07-10
E01672,C016,PR01,First Transaction,2025-02-25
E01673,C162,PR01,First Transaction,2025-07-15
E01674,C458,PR04,Application Started,2025-01-23
E01675,C372,PR01,First Transaction,2025-02-03
E01676,C496,PR05,KYC Completed,2025-11-15
E01677,C362,PR02,Approved,2025-08-02
E01678,C022,PR08,Application Started,2025-02-23
E01679,C457,PR01,Application Started,2025-12-07
E01680,C121,PR08,Approved,2025-12-15
E01681,C025,PR03,KYC Completed,2025-03-21
E01682,C237,PR05,Activated,2025-02-22
E01683,C328,PR05,Viewed,2025-07-19
E01684,C311,PR02,Approved,2025-03-20
E01685,C194,PR01,Activated,2025-03-01
E01686,C040,PR05,Activated,2025-02-20
E01687,C454,PR03,Approved,2025-07-23
E01688,C412,PR01,Activated,2025-02-01
E01689,C456,PR05,Viewed,2025-03-17
E01690,C130,PR04,First Transaction,2025-04-30
E01691,C260,PR05,Activated,2025-05-14
E01692,C168,PR03,Activated,2025-01-02
E01693,C126,PR01,Activated,2025-06-06
E01694,C290,PR04,First Transaction,2025-06-17
E01695,C093,PR05,KYC Completed,2025-12-08
E01696,C089,PR06,Viewed,2025-11-11
E01697,C310,PR01,Application Started,2025-04-22
E01698,C311,PR05,Application Started,2025-06-13
E01699,C005,PR01,Approved,2025-06-24
E01700,C189,PR05,Viewed,2025-08-07
E01701,C124,PR01,Activated,2025-09-06
E01702,C280,PR03,Activated,2025-09-07
E01703,C016,PR02,Activated,2025-09-01
E01704,C490,PR05,KYC Completed,2025-04-06
E01705,C369,PR03,Approved,2025-01-24
E01706,C308,PR02,Application Started,2025-05-21
E01707,C352,PR06,Viewed,2025-04-22
E01708,C316,PR06,Activated,2025-01-21
E01709,C144,PR05,Approved,2025-02-28
E01710,C214,PR02,KYC Completed,2025-01-02
E01711,C115,PR05,First Transaction,2025-03-26
E01712,C071,PR03,Application Started,2025-03-09
E01713,C370,PR02,Viewed,2025-08-14
E01714,C097,PR05,Application Started,2025-11-19
E01715,C190,PR05,Approved,2025-01-09
E01716,C157,PR01,Viewed,2025-10-07
E01717,C375,PR05,Approved,2025-07-13
E01718,C053,PR07,KYC Completed,2025-03-16
E01719,C083,PR05,KYC Completed,2025-04-07
E01720,C399,PR06,Approved,2025-06-11
E01721,C130,PR07,First Transaction,2025-03-05
E01722,C436,PR05,Activated,2025-05-08
E01723,C164,PR06,First Transaction,2025-06-21
E01724,C275,PR01,First Transaction,2025-08-01
E01725,C361,PR05,Viewed,2025-01-30
E01726,C487,PR05,Viewed,2025-06-28
E01727,C441,PR05,Approved,2025-09-21
E01728,C193,PR05,Viewed,2025-07-03
E01729,C192,PR02,Activated,2025-06-28
E01730,C280,PR02,First Transaction,2025-02-21
E01731,C310,PR05,Activated,2025-04-30
E01732,C363,PR05,Approved,2025-12-11
E01733,C223,PR05,Approved,2025-02-25
E01734,C370,PR05,Application Started,2025-07-04
E01735,C236,PR01,Application Started,2025-12-18
E01736,C475,PR05,KYC Completed,2025-07-13
E01737,C027,PR02,Activated,2025-02-02
E01738,C060,PR05,Viewed,2025-08-05
E01739,C123,PR02,Application Started,2025-07-10
E01740,C486,PR01,Application Started,2025-07-15
E01741,C106,PR07,Approved,2025-03-14
E01742,C224,PR05,First Transaction,2025-06-30
E01743,C154,PR06,KYC Completed,2025-06-10
E01744,C445,PR06,Application Started,2025-12-27
E01745,C185,PR04,Approved,2025-05-03
E01746,C332,PR08,Approved,2025-04-14
E01747,C076,PR08,Application Started,2025-05-23
E01748,C108,PR01,Activated,2025-12-21
E01749,C138,PR05,Viewed,2025-10-13
E01750,C497,PR06,Viewed,2025-01-11
E01751,C468,PR03,Application Started,2025-01-13
E01752,C369,PR05,Approved,2025-08-06
E01753,C312,PR01,Application Started,2025-06-13
E01754,C140,PR02,Viewed,2025-11-16
E01755,C480,PR05,Viewed,2025-11-07
E01756,C118,PR02,First Transaction,2025-01-14
E01757,C323,PR01,First Transaction,2025-12-17
E01758,C251,PR01,First Transaction,2025-03-08
E01759,C206,PR05,Approved,2025-01-30
E01760,C124,PR02,Viewed,2025-02-09
E01761,C269,PR07,Activated,2025-03-27
E01762,C213,PR06,Viewed,2025-09-30
E01763,C315,PR05,Application Started,2025-09-25
E01764,C096,PR05,Viewed,2025-06-12
E01765,C426,PR05,Viewed,2025-04-13
E01766,C397,PR04,Viewed,2025-09-02
E01767,C323,PR01,Application Started,2025-12-12
E01768,C117,PR07,Viewed,2025-04-17
E01769,C206,PR05,KYC Completed,2025-01-31
E01770,C041,PR03,Viewed,2025-04-21
E01771,C443,PR05,KYC Completed,2025-06-13
E01772,C284,PR05,Application Started,2025-03-28
E01773,C220,PR05,Application Started,2025-11-09
E01774,C162,PR06,KYC Completed,2025-01-14
E01775,C413,PR05,Approved,2025-10-29
E01776,C306,PR05,Activated,2025-02-03
E01777,C203,PR05,Application Started,2025-10-03
E01778,C237,PR05,Activated,2025-09-16
E01779,C380,PR01,Application Started,2025-10-28
E01780,C155,PR06,Viewed,2025-05-21
E01781,C193,PR05,Activated,2025-09-19
E01782,C256,PR05,Activated,2025-08-31
E01783,C109,PR01,Viewed,2025-08-22
E01784,C311,PR05,Approved,2025-06-14
E01785,C424,PR01,Approved,2025-08-09
E01786,C372,PR03,First Transaction,2025-05-03
E01787,C309,PR05,KYC Completed,2025-03-29
E01788,C432,PR05,First Transaction,2025-03-05
E01789,C213,PR01,Application Started,2025-09-08
E01790,C153,PR05,KYC Completed,2025-06-22
E01791,C486,PR02,First Transaction,2025-03-23
E01792,C208,PR02,Activated,2025-08-09
E01793,C369,PR03,First Transaction,2025-01-23
E01794,C429,PR04,KYC Completed,2025-11-24
E01795,C225,PR02,Activated,2025-06-13
E01796,C129,PR05,Viewed,2025-07-29
E01797,C155,PR06,Viewed,2025-05-16
E01798,C346,PR01,Activated,2025-08-07
E01799,C273,PR02,First Transaction,2025-04-22
E01800,C296,PR04,Activated,2025-04-29
E01801,C074,PR01,KYC Completed,2025-08-19
E01802,C416,PR06,KYC Completed,2025-10-19
E01803,C210,PR02,Application Started,2025-09-14
E01804,C405,PR01,KYC Completed,2025-02-01
E01805,C083,PR07,Approved,2025-04-20
E01806,C434,PR01,Application Started,2025-07-05
E01807,C410,PR03,Activated,2025-03-04
E01808,C458,PR04,KYC Completed,2025-11-14
E01809,C383,PR02,Viewed,2025-05-10
E01810,C014,PR06,Activated,2025-08-11
E01811,C033,PR01,Viewed,2025-02-17
E01812,C333,PR05,First Transaction,2025-08-11
E01813,C321,PR05,Approved,2025-03-09
E01814,C389,PR01,Application Started,2025-03-17
E01815,C413,PR02,Viewed,2025-11-06
E01816,C161,PR05,Application Started,2025-10-04
E01817,C165,PR05,Activated,2025-07-25
E01818,C284,PR05,Viewed,2025-03-30
E01819,C440,PR03,Viewed,2025-06-13
E01820,C058,PR05,Approved,2025-07-21
E01821,C413,PR02,Application Started,2025-10-27
E01822,C433,PR08,Approved,2025-06-07
E01823,C309,PR02,Application Started,2025-09-08
E01824,C234,PR06,KYC Completed,2025-03-29
E01825,C259,PR05,KYC Completed,2025-04-20
E01826,C185,PR06,KYC Completed,2025-03-09
E01827,C465,PR07,Viewed,2025-10-15
E01828,C380,PR01,Application Started,2025-10-26
E01829,C328,PR08,Viewed,2025-05-26
E01830,C132,PR02,Approved,2025-11-28
E01831,C177,PR05,First Transaction,2025-04-07
E01832,C118,PR06,First Transaction,2025-06-19
E01833,C171,PR02,Approved,2025-12-10
E01834,C074,PR01,Viewed,2025-08-22
E01835,C183,PR01,Approved,2025-03-12
E01836,C379,PR05,KYC Completed,2025-07-24
E01837,C317,PR08,Approved,2025-05-04
E01838,C457,PR03,Viewed,2025-09-27
E01839,C426,PR01,Application Started,2025-12-24
E01840,C195,PR05,KYC Completed,2025-08-27
E01841,C485,PR05,Viewed,2025-12-25
E01842,C357,PR05,Application Started,2025-10-07
E01843,C254,PR01,KYC Completed,2025-02-25
E01844,C494,PR02,Approved,2025-08-17
E01845,C371,PR05,KYC Completed,2025-07-01
E01846,C250,PR07,First Transaction,2025-09-11
E01847,C070,PR05,KYC Completed,2025-11-16
E01848,C172,PR08,First Transaction,2025-01-15
E01849,C434,PR05,Application Started,2025-07-15
E01850,C190,PR06,First Transaction,2025-08-04
E01851,C035,PR01,First Transaction,2025-04-07
E01852,C481,PR05,Activated,2025-03-06
E01853,C499,PR05,KYC Completed,2025-06-29
E01854,C048,PR02,Approved,2025-07-24
E01855,C227,PR06,Activated,2025-09-12
E01856,C482,PR07,Viewed,2025-01-02
E01857,C089,PR06,Activated,2025-09-16
E01858,C433,PR01,Activated,2025-02-23
E01859,C154,PR02,Approved,2025-04-25
E01860,C280,PR05,First Transaction,2025-12-14
E01861,C466,PR05,First Transaction,2025-05-17
E01862,C402,PR06,Activated,2025-01-03
E01863,C316,PR04,Approved,2025-05-23
E01864,C194,PR02,Approved,2025-05-01
E01865,C015,PR02,Activated,2025-03-09
E01866,C386,PR03,Application Started,2025-12-18
E01867,C194,PR01,First Transaction,2025-03-02
E01868,C126,PR02,Approved,2025-02-03
E01869,C429,PR07,First Transaction,2025-07-26
E01870,C158,PR07,Activated,2025-09-04
E01871,C168,PR03,Approved,2025-08-16
E01872,C468,PR03,Viewed,2025-01-11
E01873,C253,PR05,First Transaction,2025-04-29
E01874,C407,PR04,Viewed,2025-02-20
E01875,C315,PR07,Application Started,2025-02-07
E01876,C073,PR04,First Transaction,2025-09-20
E01877,C105,PR01,Approved,2025-07-21
E01878,C245,PR01,Viewed,2025-04-16
E01879,C003,PR01,KYC Completed,2025-09-13
E01880,C046,PR03,Viewed,2025-09-16
E01881,C287,PR05,Viewed,2025-07-09
E01882,C375,PR05,Application Started,2025-07-27
E01883,C283,PR05,Viewed,2025-05-20
E01884,C191,PR05,KYC Completed,2025-01-16
E01885,C306,PR05,Approved,2025-02-04
E01886,C275,PR01,Application Started,2025-08-01
E01887,C171,PR03,Application Started,2025-11-26
E01888,C195,PR02,First Transaction,2025-10-16
E01889,C112,PR04,First Transaction,2025-01-27
E01890,C095,PR05,Application Started,2025-03-21
E01891,C073,PR01,Application Started,2025-08-03
E01892,C408,PR01,Activated,2025-04-14
E01893,C161,PR05,KYC Completed,2025-10-04
E01894,C197,PR02,Viewed,2025-09-08
E01895,C113,PR01,Activated,2025-07-16
E01896,C037,PR05,KYC Completed,2025-07-15
E01897,C018,PR01,Application Started,2025-08-13
E01898,C087,PR05,Approved,2025-07-01
E01899,C013,PR05,Activated,2025-02-01
E01900,C354,PR03,First Transaction,2025-05-19
E01901,C225,PR07,KYC Completed,2025-12-20
E01902,C124,PR03,Approved,2025-02-27
E01903,C107,PR08,Application Started,2025-01-26
E01904,C342,PR07,First Transaction,2025-12-28
E01905,C427,PR03,Application Started,2025-08-25
E01906,C486,PR08,Activated,2025-04-24
E01907,C230,PR03,First Transaction,2025-08-18
E01908,C431,PR03,Viewed,2025-03-19
E01909,C150,PR05,Application Started,2025-11-02
E01910,C386,PR03,Application Started,2025-12-20
E01911,C083,PR07,Activated,2025-04-23
E01912,C445,PR05,KYC Completed,2025-06-11
E01913,C284,PR05,Viewed,2025-08-02
E01914,C196,PR05,Approved,2025-07-20
E01915,C004,PR06,Application Started,2025-06-05
E01916,C030,PR01,Application Started,2025-11-29
E01917,C141,PR05,KYC Completed,2025-05-20
E01918,C373,PR01,Application Started,2025-06-02
E01919,C060,PR03,KYC Completed,2025-01-06
E01920,C346,PR05,First Transaction,2025-12-07
E01921,C425,PR02,Activated,2025-02-27
E01922,C454,PR06,Activated,2025-11-25
E01923,C485,PR03,Activated,2025-09-16
E01924,C200,PR02,First Transaction,2025-02-20
E01925,C214,PR05,KYC Completed,2025-08-11
E01926,C405,PR02,Viewed,2025-04-02
E01927,C456,PR06,KYC Completed,2025-05-27
E01928,C188,PR02,KYC Completed,2025-04-19
E01929,C430,PR04,Approved,2025-07-21
E01930,C245,PR02,Approved,2025-09-26
E01931,C477,PR02,Approved,2025-08-28
E01932,C268,PR01,First Transaction,2025-08-21
E01933,C132,PR02,Activated,2025-11-29
E01934,C431,PR04,Application Started,2025-04-16
E01935,C413,PR02,Application Started,2025-10-30
E01936,C310,PR02,Viewed,2025-03-07
E01937,C352,PR01,First Transaction,2025-09-08
E01938,C432,PR04,KYC Completed,2025-07-19
E01939,C187,PR03,Application Started,2025-04-26
E01940,C371,PR02,Application Started,2025-10-30
E01941,C230,PR05,Approved,2025-06-17
E01942,C474,PR07,First Transaction,2025-04-19
E01943,C474,PR06,Application Started,2025-01-23
E01944,C096,PR05,Approved,2025-11-19
E01945,C072,PR05,Approved,2025-07-21
E01946,C078,PR05,Application Started,2025-01-13
E01947,C447,PR06,Approved,2025-02-12
E01948,C412,PR01,Activated,2025-07-19
E01949,C369,PR03,Viewed,2025-01-22
E01950,C444,PR05,Approved,2025-07-08
E01951,C145,PR06,First Transaction,2025-04-11
E01952,C406,PR06,Viewed,2025-05-12
E01953,C026,PR02,Viewed,2025-01-14
E01954,C303,PR05,Activated,2025-02-01
E01955,C053,PR01,Viewed,2025-01-27
E01956,C038,PR01,Approved,2025-10-27
E01957,C228,PR04,KYC Completed,2025-02-17
E01958,C410,PR01,KYC Completed,2025-02-25
E01959,C394,PR05,Activated,2025-12-02
E01960,C317,PR01,KYC Completed,2025-03-11
E01961,C393,PR08,First Transaction,2025-06-28
E01962,C066,PR04,Viewed,2025-02-05
E01963,C082,PR05,Viewed,2025-06-07
E01964,C188,PR07,Approved,2025-06-19
E01965,C428,PR04,KYC Completed,2025-05-31
E01966,C087,PR05,Viewed,2025-07-03
E01967,C031,PR08,Approved,2025-06-30
E01968,C437,PR01,Viewed,2025-08-06
E01969,C239,PR01,First Transaction,2025-04-23
E01970,C026,PR02,Approved,2025-09-18
E01971,C223,PR08,Activated,2025-07-20
E01972,C010,PR05,Approved,2025-10-23
E01973,C395,PR08,Approved,2025-12-13
E01974,C352,PR01,KYC Completed,2025-04-30
E01975,C189,PR06,Viewed,2025-03-28
E01976,C104,PR02,Application Started,2025-11-13
E01977,C147,PR03,Viewed,2025-07-17
E01978,C387,PR01,First Transaction,2025-02-19
E01979,C170,PR05,Application Started,2025-09-11
E01980,C341,PR08,First Transaction,2025-01-31
E01981,C202,PR02,First Transaction,2025-08-20
E01982,C180,PR01,KYC Completed,2025-04-09
E01983,C381,PR06,First Transaction,2025-06-26
E01984,C462,PR02,KYC Completed,2025-08-24
E01985,C027,PR06,Approved,2025-05-01
E01986,C420,PR05,KYC Completed,2025-01-07
E01987,C251,PR05,Approved,2025-07-04
E01988,C048,PR01,Activated,2025-04-28
E01989,C007,PR01,Viewed,2025-01-23
E01990,C022,PR05,Application Started,2025-12-28
E01991,C410,PR03,First Transaction,2025-03-05
E01992,C157,PR08,First Transaction,2025-04-04
E01993,C017,PR06,First Transaction,2025-09-08
E01994,C268,PR02,Activated,2025-01-18
E01995,C371,PR01,KYC Completed,2025-12-03
E01996,C494,PR03,Viewed,2025-03-11
E01997,C482,PR01,Activated,2025-05-13
E01998,C374,PR07,Activated,2025-06-01
E01999,C122,PR02,Viewed,2025-06-09
E02000,C421,PR05,First Transaction,2025-10-15
